DEBUG - 2025-06-13 07:59:08 --> Session: Class initialized using 'CodeIgniter\Session\Handlers\FileHandler' driver.
DEBUG - 2025-06-13 07:59:14 --> Session: Class initialized using 'CodeIgniter\Session\Handlers\FileHandler' driver.
ERROR - 2025-06-13 07:59:17 --> Error connecting to the database: mysqli_sql_exception: No connection could be made because the target machine actively refused it in D:\apps\laragon\www\simpeg\system\Database\MySQLi\Connection.php:201
Stack trace:
#0 D:\apps\laragon\www\simpeg\system\Database\MySQLi\Connection.php(201): mysqli->real_connect('127.0.0.1', 'root', Object(SensitiveParameterValue), 'simpeg', 3306, '', 0)
#1 D:\apps\laragon\www\simpeg\system\Database\BaseConnection.php(421): CodeIgniter\Database\MySQLi\Connection->connect(false)
#2 D:\apps\laragon\www\simpeg\system\Database\BaseConnection.php(620): CodeIgniter\Database\BaseConnection->initialize()
#3 D:\apps\laragon\www\simpeg\system\Database\BaseBuilder.php(1649): CodeIgniter\Database\BaseConnection->query('SELECT *\nFROM `...', Array, false)
#4 D:\apps\laragon\www\simpeg\system\Model.php(330): CodeIgniter\Database\BaseBuilder->get()
#5 D:\apps\laragon\www\simpeg\system\BaseModel.php(717): CodeIgniter\Model->doFirst()
#6 D:\apps\laragon\www\simpeg\app\Controllers\Auth.php(25): CodeIgniter\BaseModel->first()
#7 D:\apps\laragon\www\simpeg\system\CodeIgniter.php(933): App\Controllers\Auth->login()
#8 D:\apps\laragon\www\simpeg\system\CodeIgniter.php(507): CodeIgniter\CodeIgniter->runController(Object(App\Controllers\Auth))
#9 D:\apps\laragon\www\simpeg\system\CodeIgniter.php(354): CodeIgniter\CodeIgniter->handleRequest(NULL, Object(Config\Cache), false)
#10 D:\apps\laragon\www\simpeg\system\Boot.php(334): CodeIgniter\CodeIgniter->run()
#11 D:\apps\laragon\www\simpeg\system\Boot.php(67): CodeIgniter\Boot::runCodeIgniter(Object(CodeIgniter\CodeIgniter))
#12 D:\apps\laragon\www\simpeg\public\index.php(59): CodeIgniter\Boot::bootWeb(Object(Config\Paths))
#13 D:\apps\laragon\www\simpeg\system\rewrite.php(44): require_once('D:\\apps\\laragon...')
#14 {main}

Next CodeIgniter\Database\Exceptions\DatabaseException: No connection could be made because the target machine actively refused it in D:\apps\laragon\www\simpeg\system\Database\MySQLi\Connection.php:246
Stack trace:
#0 D:\apps\laragon\www\simpeg\system\Database\BaseConnection.php(421): CodeIgniter\Database\MySQLi\Connection->connect(false)
#1 D:\apps\laragon\www\simpeg\system\Database\BaseConnection.php(620): CodeIgniter\Database\BaseConnection->initialize()
#2 D:\apps\laragon\www\simpeg\system\Database\BaseBuilder.php(1649): CodeIgniter\Database\BaseConnection->query('SELECT *\nFROM `...', Array, false)
#3 D:\apps\laragon\www\simpeg\system\Model.php(330): CodeIgniter\Database\BaseBuilder->get()
#4 D:\apps\laragon\www\simpeg\system\BaseModel.php(717): CodeIgniter\Model->doFirst()
#5 D:\apps\laragon\www\simpeg\app\Controllers\Auth.php(25): CodeIgniter\BaseModel->first()
#6 D:\apps\laragon\www\simpeg\system\CodeIgniter.php(933): App\Controllers\Auth->login()
#7 D:\apps\laragon\www\simpeg\system\CodeIgniter.php(507): CodeIgniter\CodeIgniter->runController(Object(App\Controllers\Auth))
#8 D:\apps\laragon\www\simpeg\system\CodeIgniter.php(354): CodeIgniter\CodeIgniter->handleRequest(NULL, Object(Config\Cache), false)
#9 D:\apps\laragon\www\simpeg\system\Boot.php(334): CodeIgniter\CodeIgniter->run()
#10 D:\apps\laragon\www\simpeg\system\Boot.php(67): CodeIgniter\Boot::runCodeIgniter(Object(CodeIgniter\CodeIgniter))
#11 D:\apps\laragon\www\simpeg\public\index.php(59): CodeIgniter\Boot::bootWeb(Object(Config\Paths))
#12 D:\apps\laragon\www\simpeg\system\rewrite.php(44): require_once('D:\\apps\\laragon...')
#13 {main}
DEBUG - 2025-06-13 07:59:17 --> Session: Class initialized using 'CodeIgniter\Session\Handlers\FileHandler' driver.
DEBUG - 2025-06-13 07:59:27 --> Session: Class initialized using 'CodeIgniter\Session\Handlers\FileHandler' driver.
DEBUG - 2025-06-13 07:59:28 --> Session: Class initialized using 'CodeIgniter\Session\Handlers\FileHandler' driver.
DEBUG - 2025-06-13 07:59:36 --> Session: Class initialized using 'CodeIgniter\Session\Handlers\FileHandler' driver.
DEBUG - 2025-06-13 07:59:36 --> Session: Class initialized using 'CodeIgniter\Session\Handlers\FileHandler' driver.
DEBUG - 2025-06-13 07:59:43 --> Session: Class initialized using 'CodeIgniter\Session\Handlers\FileHandler' driver.
DEBUG - 2025-06-13 07:59:44 --> Session: Class initialized using 'CodeIgniter\Session\Handlers\FileHandler' driver.
DEBUG - 2025-06-13 07:59:52 --> Session: Class initialized using 'CodeIgniter\Session\Handlers\FileHandler' driver.
DEBUG - 2025-06-13 07:59:52 --> Session: Class initialized using 'CodeIgniter\Session\Handlers\FileHandler' driver.
DEBUG - 2025-06-13 07:59:55 --> Session: Class initialized using 'CodeIgniter\Session\Handlers\FileHandler' driver.
DEBUG - 2025-06-13 07:59:55 --> Session: Class initialized using 'CodeIgniter\Session\Handlers\FileHandler' driver.
DEBUG - 2025-06-13 07:59:58 --> Session: Class initialized using 'CodeIgniter\Session\Handlers\FileHandler' driver.
DEBUG - 2025-06-13 08:03:15 --> Session: Class initialized using 'CodeIgniter\Session\Handlers\FileHandler' driver.
DEBUG - 2025-06-13 08:04:14 --> Session: Class initialized using 'CodeIgniter\Session\Handlers\FileHandler' driver.
DEBUG - 2025-06-13 08:05:30 --> Session: Class initialized using 'CodeIgniter\Session\Handlers\FileHandler' driver.
DEBUG - 2025-06-13 08:05:38 --> Session: Class initialized using 'CodeIgniter\Session\Handlers\FileHandler' driver.
DEBUG - 2025-06-13 08:05:39 --> Session: Class initialized using 'CodeIgniter\Session\Handlers\FileHandler' driver.
DEBUG - 2025-06-13 08:05:48 --> Session: Class initialized using 'CodeIgniter\Session\Handlers\FileHandler' driver.
DEBUG - 2025-06-13 08:05:48 --> Session: Class initialized using 'CodeIgniter\Session\Handlers\FileHandler' driver.
DEBUG - 2025-06-13 08:05:51 --> Session: Class initialized using 'CodeIgniter\Session\Handlers\FileHandler' driver.
DEBUG - 2025-06-13 08:05:55 --> Session: Class initialized using 'CodeIgniter\Session\Handlers\FileHandler' driver.
DEBUG - 2025-06-13 08:05:55 --> Session: Class initialized using 'CodeIgniter\Session\Handlers\FileHandler' driver.
DEBUG - 2025-06-13 08:06:16 --> Session: Class initialized using 'CodeIgniter\Session\Handlers\FileHandler' driver.
DEBUG - 2025-06-13 08:06:16 --> Session: Class initialized using 'CodeIgniter\Session\Handlers\FileHandler' driver.
DEBUG - 2025-06-13 08:06:21 --> Session: Class initialized using 'CodeIgniter\Session\Handlers\FileHandler' driver.
DEBUG - 2025-06-13 08:06:21 --> Session: Class initialized using 'CodeIgniter\Session\Handlers\FileHandler' driver.
DEBUG - 2025-06-13 08:06:23 --> Session: Class initialized using 'CodeIgniter\Session\Handlers\FileHandler' driver.
DEBUG - 2025-06-13 08:09:23 --> Session: Class initialized using 'CodeIgniter\Session\Handlers\FileHandler' driver.
DEBUG - 2025-06-13 08:09:26 --> Session: Class initialized using 'CodeIgniter\Session\Handlers\FileHandler' driver.
DEBUG - 2025-06-13 08:09:51 --> Session: Class initialized using 'CodeIgniter\Session\Handlers\FileHandler' driver.
DEBUG - 2025-06-13 08:11:12 --> Session: Class initialized using 'CodeIgniter\Session\Handlers\FileHandler' driver.
DEBUG - 2025-06-13 08:11:25 --> Session: Class initialized using 'CodeIgniter\Session\Handlers\FileHandler' driver.
DEBUG - 2025-06-13 08:14:24 --> Session: Class initialized using 'CodeIgniter\Session\Handlers\FileHandler' driver.
DEBUG - 2025-06-13 08:14:25 --> Session: Class initialized using 'CodeIgniter\Session\Handlers\FileHandler' driver.
DEBUG - 2025-06-13 08:14:26 --> Session: Class initialized using 'CodeIgniter\Session\Handlers\FileHandler' driver.
DEBUG - 2025-06-13 08:14:32 --> Session: Class initialized using 'CodeIgniter\Session\Handlers\FileHandler' driver.
DEBUG - 2025-06-13 08:14:32 --> Session: Class initialized using 'CodeIgniter\Session\Handlers\FileHandler' driver.
DEBUG - 2025-06-13 08:14:33 --> Session: Class initialized using 'CodeIgniter\Session\Handlers\FileHandler' driver.
DEBUG - 2025-06-13 08:14:33 --> Session: Class initialized using 'CodeIgniter\Session\Handlers\FileHandler' driver.
DEBUG - 2025-06-13 08:15:16 --> Session: Class initialized using 'CodeIgniter\Session\Handlers\FileHandler' driver.
DEBUG - 2025-06-13 08:16:14 --> Session: Class initialized using 'CodeIgniter\Session\Handlers\FileHandler' driver.
DEBUG - 2025-06-13 08:16:15 --> Session: Class initialized using 'CodeIgniter\Session\Handlers\FileHandler' driver.
DEBUG - 2025-06-13 08:16:35 --> Session: Class initialized using 'CodeIgniter\Session\Handlers\FileHandler' driver.
DEBUG - 2025-06-13 08:16:36 --> Session: Class initialized using 'CodeIgniter\Session\Handlers\FileHandler' driver.
DEBUG - 2025-06-13 08:19:44 --> Session: Class initialized using 'CodeIgniter\Session\Handlers\FileHandler' driver.
DEBUG - 2025-06-13 08:19:47 --> Session: Class initialized using 'CodeIgniter\Session\Handlers\FileHandler' driver.
DEBUG - 2025-06-13 08:19:51 --> Session: Class initialized using 'CodeIgniter\Session\Handlers\FileHandler' driver.
DEBUG - 2025-06-13 08:20:15 --> Session: Class initialized using 'CodeIgniter\Session\Handlers\FileHandler' driver.
DEBUG - 2025-06-13 08:20:27 --> Session: Class initialized using 'CodeIgniter\Session\Handlers\FileHandler' driver.
DEBUG - 2025-06-13 08:22:26 --> Session: Class initialized using 'CodeIgniter\Session\Handlers\FileHandler' driver.
DEBUG - 2025-06-13 08:23:41 --> Session: Class initialized using 'CodeIgniter\Session\Handlers\FileHandler' driver.
DEBUG - 2025-06-13 08:23:50 --> Session: Class initialized using 'CodeIgniter\Session\Handlers\FileHandler' driver.
CRITICAL - 2025-06-13 08:23:50 --> TypeError: Cannot access offset of type string on string
[Method: GET, Route: dashboard/cuti]
in APPPATH\Views\user\cuti\cuti.php on line 26.
 1 SYSTEMPATH\View\View.php(224): include()
 2 SYSTEMPATH\View\View.php(227): CodeIgniter\View\View->{closure:CodeIgniter\View\View::render():221}()
 3 SYSTEMPATH\Common.php(1173): CodeIgniter\View\View->render('user/cuti/cuti', [], true)
 4 APPPATH\Controllers\Cuti.php(70): view('user/cuti/cuti', [...])
 5 SYSTEMPATH\CodeIgniter.php(933): App\Controllers\Cuti->u_index()
 6 SYSTEMPATH\CodeIgniter.php(507): CodeIgniter\CodeIgniter->runController(Object(App\Controllers\Cuti))
 7 SYSTEMPATH\CodeIgniter.php(354): CodeIgniter\CodeIgniter->handleRequest(null, Object(Config\Cache), false)
 8 SYSTEMPATH\Boot.php(334): CodeIgniter\CodeIgniter->run()
 9 SYSTEMPATH\Boot.php(67): CodeIgniter\Boot::runCodeIgniter(Object(CodeIgniter\CodeIgniter))
10 FCPATH\index.php(59): CodeIgniter\Boot::bootWeb(Object(Config\Paths))
11 SYSTEMPATH\rewrite.php(44): require_once('D:\\apps\\laragon\\www\\simpeg\\public\\index.php')
DEBUG - 2025-06-13 08:24:05 --> Session: Class initialized using 'CodeIgniter\Session\Handlers\FileHandler' driver.
DEBUG - 2025-06-13 08:24:17 --> Session: Class initialized using 'CodeIgniter\Session\Handlers\FileHandler' driver.
DEBUG - 2025-06-13 08:24:24 --> Session: Class initialized using 'CodeIgniter\Session\Handlers\FileHandler' driver.
CRITICAL - 2025-06-13 08:24:24 --> TypeError: Cannot access offset of type string on string
[Method: GET, Route: dashboard/cuti]
in APPPATH\Views\user\cuti\cuti.php on line 26.
 1 SYSTEMPATH\View\View.php(224): include()
 2 SYSTEMPATH\View\View.php(227): CodeIgniter\View\View->{closure:CodeIgniter\View\View::render():221}()
 3 SYSTEMPATH\Common.php(1173): CodeIgniter\View\View->render('user/cuti/cuti', [], true)
 4 APPPATH\Controllers\Cuti.php(70): view('user/cuti/cuti', [...])
 5 SYSTEMPATH\CodeIgniter.php(933): App\Controllers\Cuti->u_index()
 6 SYSTEMPATH\CodeIgniter.php(507): CodeIgniter\CodeIgniter->runController(Object(App\Controllers\Cuti))
 7 SYSTEMPATH\CodeIgniter.php(354): CodeIgniter\CodeIgniter->handleRequest(null, Object(Config\Cache), false)
 8 SYSTEMPATH\Boot.php(334): CodeIgniter\CodeIgniter->run()
 9 SYSTEMPATH\Boot.php(67): CodeIgniter\Boot::runCodeIgniter(Object(CodeIgniter\CodeIgniter))
10 FCPATH\index.php(59): CodeIgniter\Boot::bootWeb(Object(Config\Paths))
11 SYSTEMPATH\rewrite.php(44): require_once('D:\\apps\\laragon\\www\\simpeg\\public\\index.php')
DEBUG - 2025-06-13 08:25:33 --> Session: Class initialized using 'CodeIgniter\Session\Handlers\FileHandler' driver.
DEBUG - 2025-06-13 08:25:38 --> Session: Class initialized using 'CodeIgniter\Session\Handlers\FileHandler' driver.
CRITICAL - 2025-06-13 08:25:38 --> ErrorException: Undefined array key "nama_lengkap"
[Method: GET, Route: admin/cuti]
in APPPATH\Views\admin\cuti\cuti.php on line 29.
 1 APPPATH\Views\admin\cuti\cuti.php(29): CodeIgniter\Debug\Exceptions->errorHandler(2, 'Undefined array key "nama_lengkap"', 'D:\\apps\\laragon\\www\\simpeg\\app\\Views\\admin\\cuti\\cuti.php', 29)
 2 SYSTEMPATH\View\View.php(224): include('D:\\apps\\laragon\\www\\simpeg\\app\\Views\\admin\\cuti\\cuti.php')
 3 SYSTEMPATH\View\View.php(227): CodeIgniter\View\View->{closure:CodeIgniter\View\View::render():221}()
 4 SYSTEMPATH\Common.php(1173): CodeIgniter\View\View->render('admin/cuti/cuti', [], true)
 5 APPPATH\Controllers\Cuti.php(29): view('admin/cuti/cuti', [...])
 6 SYSTEMPATH\CodeIgniter.php(933): App\Controllers\Cuti->a_index()
 7 SYSTEMPATH\CodeIgniter.php(507): CodeIgniter\CodeIgniter->runController(Object(App\Controllers\Cuti))
 8 SYSTEMPATH\CodeIgniter.php(354): CodeIgniter\CodeIgniter->handleRequest(null, Object(Config\Cache), false)
 9 SYSTEMPATH\Boot.php(334): CodeIgniter\CodeIgniter->run()
10 SYSTEMPATH\Boot.php(67): CodeIgniter\Boot::runCodeIgniter(Object(CodeIgniter\CodeIgniter))
11 FCPATH\index.php(59): CodeIgniter\Boot::bootWeb(Object(Config\Paths))
12 SYSTEMPATH\rewrite.php(44): require_once('D:\\apps\\laragon\\www\\simpeg\\public\\index.php')
DEBUG - 2025-06-13 08:25:57 --> Session: Class initialized using 'CodeIgniter\Session\Handlers\FileHandler' driver.
DEBUG - 2025-06-13 08:26:44 --> Session: Class initialized using 'CodeIgniter\Session\Handlers\FileHandler' driver.
DEBUG - 2025-06-13 08:26:52 --> Session: Class initialized using 'CodeIgniter\Session\Handlers\FileHandler' driver.
CRITICAL - 2025-06-13 08:26:52 --> TypeError: Cannot access offset of type string on string
[Method: GET, Route: dashboard/cuti]
in APPPATH\Views\user\cuti\cuti.php on line 26.
 1 SYSTEMPATH\View\View.php(224): include()
 2 SYSTEMPATH\View\View.php(227): CodeIgniter\View\View->{closure:CodeIgniter\View\View::render():221}()
 3 SYSTEMPATH\Common.php(1173): CodeIgniter\View\View->render('user/cuti/cuti', [], true)
 4 APPPATH\Controllers\Cuti.php(70): view('user/cuti/cuti', [...])
 5 SYSTEMPATH\CodeIgniter.php(933): App\Controllers\Cuti->u_index()
 6 SYSTEMPATH\CodeIgniter.php(507): CodeIgniter\CodeIgniter->runController(Object(App\Controllers\Cuti))
 7 SYSTEMPATH\CodeIgniter.php(354): CodeIgniter\CodeIgniter->handleRequest(null, Object(Config\Cache), false)
 8 SYSTEMPATH\Boot.php(334): CodeIgniter\CodeIgniter->run()
 9 SYSTEMPATH\Boot.php(67): CodeIgniter\Boot::runCodeIgniter(Object(CodeIgniter\CodeIgniter))
10 FCPATH\index.php(59): CodeIgniter\Boot::bootWeb(Object(Config\Paths))
11 SYSTEMPATH\rewrite.php(44): require_once('D:\\apps\\laragon\\www\\simpeg\\public\\index.php')
DEBUG - 2025-06-13 08:27:42 --> Session: Class initialized using 'CodeIgniter\Session\Handlers\FileHandler' driver.
CRITICAL - 2025-06-13 08:27:42 --> ErrorException: Undefined array key "nama_lengkap"
[Method: GET, Route: admin/cuti]
in APPPATH\Views\admin\cuti\cuti.php on line 29.
 1 APPPATH\Views\admin\cuti\cuti.php(29): CodeIgniter\Debug\Exceptions->errorHandler(2, 'Undefined array key "nama_lengkap"', 'D:\\apps\\laragon\\www\\simpeg\\app\\Views\\admin\\cuti\\cuti.php', 29)
 2 SYSTEMPATH\View\View.php(224): include('D:\\apps\\laragon\\www\\simpeg\\app\\Views\\admin\\cuti\\cuti.php')
 3 SYSTEMPATH\View\View.php(227): CodeIgniter\View\View->{closure:CodeIgniter\View\View::render():221}()
 4 SYSTEMPATH\Common.php(1173): CodeIgniter\View\View->render('admin/cuti/cuti', [], true)
 5 APPPATH\Controllers\Cuti.php(29): view('admin/cuti/cuti', [...])
 6 SYSTEMPATH\CodeIgniter.php(933): App\Controllers\Cuti->a_index()
 7 SYSTEMPATH\CodeIgniter.php(507): CodeIgniter\CodeIgniter->runController(Object(App\Controllers\Cuti))
 8 SYSTEMPATH\CodeIgniter.php(354): CodeIgniter\CodeIgniter->handleRequest(null, Object(Config\Cache), false)
 9 SYSTEMPATH\Boot.php(334): CodeIgniter\CodeIgniter->run()
10 SYSTEMPATH\Boot.php(67): CodeIgniter\Boot::runCodeIgniter(Object(CodeIgniter\CodeIgniter))
11 FCPATH\index.php(59): CodeIgniter\Boot::bootWeb(Object(Config\Paths))
12 SYSTEMPATH\rewrite.php(44): require_once('D:\\apps\\laragon\\www\\simpeg\\public\\index.php')
DEBUG - 2025-06-13 08:27:57 --> Session: Class initialized using 'CodeIgniter\Session\Handlers\FileHandler' driver.
CRITICAL - 2025-06-13 08:27:57 --> ErrorException: Undefined array key "nama_lengkap"
[Method: GET, Route: admin/cuti]
in APPPATH\Views\admin\cuti\cuti.php on line 29.
 1 APPPATH\Views\admin\cuti\cuti.php(29): CodeIgniter\Debug\Exceptions->errorHandler(2, 'Undefined array key "nama_lengkap"', 'D:\\apps\\laragon\\www\\simpeg\\app\\Views\\admin\\cuti\\cuti.php', 29)
 2 SYSTEMPATH\View\View.php(224): include('D:\\apps\\laragon\\www\\simpeg\\app\\Views\\admin\\cuti\\cuti.php')
 3 SYSTEMPATH\View\View.php(227): CodeIgniter\View\View->{closure:CodeIgniter\View\View::render():221}()
 4 SYSTEMPATH\Common.php(1173): CodeIgniter\View\View->render('admin/cuti/cuti', [], true)
 5 APPPATH\Controllers\Cuti.php(29): view('admin/cuti/cuti', [...])
 6 SYSTEMPATH\CodeIgniter.php(933): App\Controllers\Cuti->a_index()
 7 SYSTEMPATH\CodeIgniter.php(507): CodeIgniter\CodeIgniter->runController(Object(App\Controllers\Cuti))
 8 SYSTEMPATH\CodeIgniter.php(354): CodeIgniter\CodeIgniter->handleRequest(null, Object(Config\Cache), false)
 9 SYSTEMPATH\Boot.php(334): CodeIgniter\CodeIgniter->run()
10 SYSTEMPATH\Boot.php(67): CodeIgniter\Boot::runCodeIgniter(Object(CodeIgniter\CodeIgniter))
11 FCPATH\index.php(59): CodeIgniter\Boot::bootWeb(Object(Config\Paths))
12 SYSTEMPATH\rewrite.php(44): require_once('D:\\apps\\laragon\\www\\simpeg\\public\\index.php')
DEBUG - 2025-06-13 08:27:59 --> Session: Class initialized using 'CodeIgniter\Session\Handlers\FileHandler' driver.
DEBUG - 2025-06-13 08:27:59 --> Session: Class initialized using 'CodeIgniter\Session\Handlers\FileHandler' driver.
DEBUG - 2025-06-13 08:28:01 --> Session: Class initialized using 'CodeIgniter\Session\Handlers\FileHandler' driver.
CRITICAL - 2025-06-13 08:28:01 --> ErrorException: Undefined array key "nama_lengkap"
[Method: GET, Route: admin/cuti]
in APPPATH\Views\admin\cuti\cuti.php on line 29.
 1 APPPATH\Views\admin\cuti\cuti.php(29): CodeIgniter\Debug\Exceptions->errorHandler(2, 'Undefined array key "nama_lengkap"', 'D:\\apps\\laragon\\www\\simpeg\\app\\Views\\admin\\cuti\\cuti.php', 29)
 2 SYSTEMPATH\View\View.php(224): include('D:\\apps\\laragon\\www\\simpeg\\app\\Views\\admin\\cuti\\cuti.php')
 3 SYSTEMPATH\View\View.php(227): CodeIgniter\View\View->{closure:CodeIgniter\View\View::render():221}()
 4 SYSTEMPATH\Common.php(1173): CodeIgniter\View\View->render('admin/cuti/cuti', [], true)
 5 APPPATH\Controllers\Cuti.php(29): view('admin/cuti/cuti', [...])
 6 SYSTEMPATH\CodeIgniter.php(933): App\Controllers\Cuti->a_index()
 7 SYSTEMPATH\CodeIgniter.php(507): CodeIgniter\CodeIgniter->runController(Object(App\Controllers\Cuti))
 8 SYSTEMPATH\CodeIgniter.php(354): CodeIgniter\CodeIgniter->handleRequest(null, Object(Config\Cache), false)
 9 SYSTEMPATH\Boot.php(334): CodeIgniter\CodeIgniter->run()
10 SYSTEMPATH\Boot.php(67): CodeIgniter\Boot::runCodeIgniter(Object(CodeIgniter\CodeIgniter))
11 FCPATH\index.php(59): CodeIgniter\Boot::bootWeb(Object(Config\Paths))
12 SYSTEMPATH\rewrite.php(44): require_once('D:\\apps\\laragon\\www\\simpeg\\public\\index.php')
DEBUG - 2025-06-13 08:28:30 --> Session: Class initialized using 'CodeIgniter\Session\Handlers\FileHandler' driver.
DEBUG - 2025-06-13 08:28:55 --> Session: Class initialized using 'CodeIgniter\Session\Handlers\FileHandler' driver.
DEBUG - 2025-06-13 08:28:56 --> Session: Class initialized using 'CodeIgniter\Session\Handlers\FileHandler' driver.
DEBUG - 2025-06-13 08:29:24 --> Session: Class initialized using 'CodeIgniter\Session\Handlers\FileHandler' driver.
CRITICAL - 2025-06-13 08:29:24 --> TypeError: Cannot access offset of type string on string
[Method: GET, Route: dashboard/cuti]
in APPPATH\Views\user\cuti\cuti.php on line 26.
 1 SYSTEMPATH\View\View.php(224): include()
 2 SYSTEMPATH\View\View.php(227): CodeIgniter\View\View->{closure:CodeIgniter\View\View::render():221}()
 3 SYSTEMPATH\Common.php(1173): CodeIgniter\View\View->render('user/cuti/cuti', [], true)
 4 APPPATH\Controllers\Cuti.php(70): view('user/cuti/cuti', [...])
 5 SYSTEMPATH\CodeIgniter.php(933): App\Controllers\Cuti->u_index()
 6 SYSTEMPATH\CodeIgniter.php(507): CodeIgniter\CodeIgniter->runController(Object(App\Controllers\Cuti))
 7 SYSTEMPATH\CodeIgniter.php(354): CodeIgniter\CodeIgniter->handleRequest(null, Object(Config\Cache), false)
 8 SYSTEMPATH\Boot.php(334): CodeIgniter\CodeIgniter->run()
 9 SYSTEMPATH\Boot.php(67): CodeIgniter\Boot::runCodeIgniter(Object(CodeIgniter\CodeIgniter))
10 FCPATH\index.php(59): CodeIgniter\Boot::bootWeb(Object(Config\Paths))
11 SYSTEMPATH\rewrite.php(44): require_once('D:\\apps\\laragon\\www\\simpeg\\public\\index.php')
DEBUG - 2025-06-13 08:32:32 --> Session: Class initialized using 'CodeIgniter\Session\Handlers\FileHandler' driver.
CRITICAL - 2025-06-13 08:32:33 --> TypeError: Cannot access offset of type string on string
[Method: GET, Route: dashboard/cuti]
in APPPATH\Views\user\cuti\cuti.php on line 26.
 1 SYSTEMPATH\View\View.php(224): include()
 2 SYSTEMPATH\View\View.php(227): CodeIgniter\View\View->{closure:CodeIgniter\View\View::render():221}()
 3 SYSTEMPATH\Common.php(1173): CodeIgniter\View\View->render('user/cuti/cuti', [], true)
 4 APPPATH\Controllers\Cuti.php(70): view('user/cuti/cuti', [...])
 5 SYSTEMPATH\CodeIgniter.php(933): App\Controllers\Cuti->u_index()
 6 SYSTEMPATH\CodeIgniter.php(507): CodeIgniter\CodeIgniter->runController(Object(App\Controllers\Cuti))
 7 SYSTEMPATH\CodeIgniter.php(354): CodeIgniter\CodeIgniter->handleRequest(null, Object(Config\Cache), false)
 8 SYSTEMPATH\Boot.php(334): CodeIgniter\CodeIgniter->run()
 9 SYSTEMPATH\Boot.php(67): CodeIgniter\Boot::runCodeIgniter(Object(CodeIgniter\CodeIgniter))
10 FCPATH\index.php(59): CodeIgniter\Boot::bootWeb(Object(Config\Paths))
11 SYSTEMPATH\rewrite.php(44): require_once('D:\\apps\\laragon\\www\\simpeg\\public\\index.php')
DEBUG - 2025-06-13 08:33:48 --> Session: Class initialized using 'CodeIgniter\Session\Handlers\FileHandler' driver.
CRITICAL - 2025-06-13 08:33:48 --> TypeError: Cannot access offset of type string on string
[Method: GET, Route: dashboard/cuti]
in APPPATH\Views\user\cuti\cuti.php on line 26.
 1 SYSTEMPATH\View\View.php(224): include()
 2 SYSTEMPATH\View\View.php(227): CodeIgniter\View\View->{closure:CodeIgniter\View\View::render():221}()
 3 SYSTEMPATH\Common.php(1173): CodeIgniter\View\View->render('user/cuti/cuti', [], true)
 4 APPPATH\Controllers\Cuti.php(72): view('user/cuti/cuti', [...])
 5 SYSTEMPATH\CodeIgniter.php(933): App\Controllers\Cuti->u_index()
 6 SYSTEMPATH\CodeIgniter.php(507): CodeIgniter\CodeIgniter->runController(Object(App\Controllers\Cuti))
 7 SYSTEMPATH\CodeIgniter.php(354): CodeIgniter\CodeIgniter->handleRequest(null, Object(Config\Cache), false)
 8 SYSTEMPATH\Boot.php(334): CodeIgniter\CodeIgniter->run()
 9 SYSTEMPATH\Boot.php(67): CodeIgniter\Boot::runCodeIgniter(Object(CodeIgniter\CodeIgniter))
10 FCPATH\index.php(59): CodeIgniter\Boot::bootWeb(Object(Config\Paths))
11 SYSTEMPATH\rewrite.php(44): require_once('D:\\apps\\laragon\\www\\simpeg\\public\\index.php')
DEBUG - 2025-06-13 08:33:51 --> Session: Class initialized using 'CodeIgniter\Session\Handlers\FileHandler' driver.
DEBUG - 2025-06-13 08:34:28 --> Session: Class initialized using 'CodeIgniter\Session\Handlers\FileHandler' driver.
DEBUG - 2025-06-13 08:34:50 --> Session: Class initialized using 'CodeIgniter\Session\Handlers\FileHandler' driver.
DEBUG - 2025-06-13 08:36:44 --> Session: Class initialized using 'CodeIgniter\Session\Handlers\FileHandler' driver.
DEBUG - 2025-06-13 08:39:08 --> Session: Class initialized using 'CodeIgniter\Session\Handlers\FileHandler' driver.
DEBUG - 2025-06-13 08:39:11 --> Session: Class initialized using 'CodeIgniter\Session\Handlers\FileHandler' driver.
DEBUG - 2025-06-13 08:39:32 --> Session: Class initialized using 'CodeIgniter\Session\Handlers\FileHandler' driver.
DEBUG - 2025-06-13 08:39:36 --> Session: Class initialized using 'CodeIgniter\Session\Handlers\FileHandler' driver.
DEBUG - 2025-06-13 08:39:36 --> Session: Class initialized using 'CodeIgniter\Session\Handlers\FileHandler' driver.
DEBUG - 2025-06-13 08:39:38 --> Session: Class initialized using 'CodeIgniter\Session\Handlers\FileHandler' driver.
DEBUG - 2025-06-13 08:39:46 --> Session: Class initialized using 'CodeIgniter\Session\Handlers\FileHandler' driver.
DEBUG - 2025-06-13 08:39:46 --> Session: Class initialized using 'CodeIgniter\Session\Handlers\FileHandler' driver.
DEBUG - 2025-06-13 08:39:58 --> Session: Class initialized using 'CodeIgniter\Session\Handlers\FileHandler' driver.
DEBUG - 2025-06-13 08:42:22 --> Session: Class initialized using 'CodeIgniter\Session\Handlers\FileHandler' driver.
DEBUG - 2025-06-13 08:42:22 --> Session: Class initialized using 'CodeIgniter\Session\Handlers\FileHandler' driver.
DEBUG - 2025-06-13 08:42:24 --> Session: Class initialized using 'CodeIgniter\Session\Handlers\FileHandler' driver.
DEBUG - 2025-06-13 08:42:26 --> Session: Class initialized using 'CodeIgniter\Session\Handlers\FileHandler' driver.
DEBUG - 2025-06-13 08:42:26 --> Session: Class initialized using 'CodeIgniter\Session\Handlers\FileHandler' driver.
DEBUG - 2025-06-13 08:42:33 --> Session: Class initialized using 'CodeIgniter\Session\Handlers\FileHandler' driver.
DEBUG - 2025-06-13 08:42:57 --> Session: Class initialized using 'CodeIgniter\Session\Handlers\FileHandler' driver.
DEBUG - 2025-06-13 08:42:58 --> Session: Class initialized using 'CodeIgniter\Session\Handlers\FileHandler' driver.
DEBUG - 2025-06-13 08:42:58 --> Session: Class initialized using 'CodeIgniter\Session\Handlers\FileHandler' driver.
DEBUG - 2025-06-13 08:43:01 --> Session: Class initialized using 'CodeIgniter\Session\Handlers\FileHandler' driver.
DEBUG - 2025-06-13 08:43:01 --> Session: Class initialized using 'CodeIgniter\Session\Handlers\FileHandler' driver.
DEBUG - 2025-06-13 08:43:02 --> Session: Class initialized using 'CodeIgniter\Session\Handlers\FileHandler' driver.
DEBUG - 2025-06-13 08:43:03 --> Session: Class initialized using 'CodeIgniter\Session\Handlers\FileHandler' driver.
DEBUG - 2025-06-13 08:43:07 --> Session: Class initialized using 'CodeIgniter\Session\Handlers\FileHandler' driver.
DEBUG - 2025-06-13 08:43:07 --> Session: Class initialized using 'CodeIgniter\Session\Handlers\FileHandler' driver.
DEBUG - 2025-06-13 08:43:10 --> Session: Class initialized using 'CodeIgniter\Session\Handlers\FileHandler' driver.
DEBUG - 2025-06-13 08:43:10 --> Session: Class initialized using 'CodeIgniter\Session\Handlers\FileHandler' driver.
DEBUG - 2025-06-13 08:43:51 --> Session: Class initialized using 'CodeIgniter\Session\Handlers\FileHandler' driver.
DEBUG - 2025-06-13 08:43:52 --> Session: Class initialized using 'CodeIgniter\Session\Handlers\FileHandler' driver.
DEBUG - 2025-06-13 08:43:54 --> Session: Class initialized using 'CodeIgniter\Session\Handlers\FileHandler' driver.
DEBUG - 2025-06-13 08:43:55 --> Session: Class initialized using 'CodeIgniter\Session\Handlers\FileHandler' driver.
DEBUG - 2025-06-13 08:43:55 --> Session: Class initialized using 'CodeIgniter\Session\Handlers\FileHandler' driver.
DEBUG - 2025-06-13 08:43:57 --> Session: Class initialized using 'CodeIgniter\Session\Handlers\FileHandler' driver.
DEBUG - 2025-06-13 08:43:58 --> Session: Class initialized using 'CodeIgniter\Session\Handlers\FileHandler' driver.
DEBUG - 2025-06-13 08:44:09 --> Session: Class initialized using 'CodeIgniter\Session\Handlers\FileHandler' driver.
DEBUG - 2025-06-13 08:44:09 --> Session: Class initialized using 'CodeIgniter\Session\Handlers\FileHandler' driver.
DEBUG - 2025-06-13 08:44:15 --> Session: Class initialized using 'CodeIgniter\Session\Handlers\FileHandler' driver.
DEBUG - 2025-06-13 08:44:15 --> Session: Class initialized using 'CodeIgniter\Session\Handlers\FileHandler' driver.
DEBUG - 2025-06-13 08:44:18 --> Session: Class initialized using 'CodeIgniter\Session\Handlers\FileHandler' driver.
DEBUG - 2025-06-13 08:44:18 --> Session: Class initialized using 'CodeIgniter\Session\Handlers\FileHandler' driver.
DEBUG - 2025-06-13 08:44:28 --> Session: Class initialized using 'CodeIgniter\Session\Handlers\FileHandler' driver.
DEBUG - 2025-06-13 08:44:31 --> Session: Class initialized using 'CodeIgniter\Session\Handlers\FileHandler' driver.
DEBUG - 2025-06-13 08:45:52 --> Session: Class initialized using 'CodeIgniter\Session\Handlers\FileHandler' driver.
DEBUG - 2025-06-13 08:45:54 --> Session: Class initialized using 'CodeIgniter\Session\Handlers\FileHandler' driver.
DEBUG - 2025-06-13 08:45:57 --> Session: Class initialized using 'CodeIgniter\Session\Handlers\FileHandler' driver.
DEBUG - 2025-06-13 08:46:00 --> Session: Class initialized using 'CodeIgniter\Session\Handlers\FileHandler' driver.
DEBUG - 2025-06-13 08:46:03 --> Session: Class initialized using 'CodeIgniter\Session\Handlers\FileHandler' driver.
DEBUG - 2025-06-13 08:48:10 --> Session: Class initialized using 'CodeIgniter\Session\Handlers\FileHandler' driver.
DEBUG - 2025-06-13 08:48:30 --> Session: Class initialized using 'CodeIgniter\Session\Handlers\FileHandler' driver.
DEBUG - 2025-06-13 08:48:36 --> Session: Class initialized using 'CodeIgniter\Session\Handlers\FileHandler' driver.
DEBUG - 2025-06-13 08:48:40 --> Session: Class initialized using 'CodeIgniter\Session\Handlers\FileHandler' driver.
CRITICAL - 2025-06-13 08:48:40 --> ErrorException: Undefined array key "pegawai"
[Method: GET, Route: dashboard/cuti/2]
in APPPATH\Controllers\Cuti.php on line 77.
 1 APPPATH\Controllers\Cuti.php(77): CodeIgniter\Debug\Exceptions->errorHandler(2, 'Undefined array key "pegawai"', 'D:\\apps\\laragon\\www\\simpeg\\app\\Controllers\\Cuti.php', 77)
 2 SYSTEMPATH\CodeIgniter.php(933): App\Controllers\Cuti->u_show('2')
 3 SYSTEMPATH\CodeIgniter.php(507): CodeIgniter\CodeIgniter->runController(Object(App\Controllers\Cuti))
 4 SYSTEMPATH\CodeIgniter.php(354): CodeIgniter\CodeIgniter->handleRequest(null, Object(Config\Cache), false)
 5 SYSTEMPATH\Boot.php(334): CodeIgniter\CodeIgniter->run()
 6 SYSTEMPATH\Boot.php(67): CodeIgniter\Boot::runCodeIgniter(Object(CodeIgniter\CodeIgniter))
 7 FCPATH\index.php(59): CodeIgniter\Boot::bootWeb(Object(Config\Paths))
 8 SYSTEMPATH\rewrite.php(44): require_once('D:\\apps\\laragon\\www\\simpeg\\public\\index.php')
DEBUG - 2025-06-13 08:49:14 --> Session: Class initialized using 'CodeIgniter\Session\Handlers\FileHandler' driver.
DEBUG - 2025-06-13 08:49:25 --> Session: Class initialized using 'CodeIgniter\Session\Handlers\FileHandler' driver.
DEBUG - 2025-06-13 08:50:58 --> Session: Class initialized using 'CodeIgniter\Session\Handlers\FileHandler' driver.
DEBUG - 2025-06-13 08:51:02 --> Session: Class initialized using 'CodeIgniter\Session\Handlers\FileHandler' driver.
DEBUG - 2025-06-13 08:51:34 --> Session: Class initialized using 'CodeIgniter\Session\Handlers\FileHandler' driver.
DEBUG - 2025-06-13 08:52:07 --> Session: Class initialized using 'CodeIgniter\Session\Handlers\FileHandler' driver.
DEBUG - 2025-06-13 08:52:38 --> Session: Class initialized using 'CodeIgniter\Session\Handlers\FileHandler' driver.
DEBUG - 2025-06-13 08:53:01 --> Session: Class initialized using 'CodeIgniter\Session\Handlers\FileHandler' driver.
DEBUG - 2025-06-13 08:53:10 --> Session: Class initialized using 'CodeIgniter\Session\Handlers\FileHandler' driver.
DEBUG - 2025-06-13 08:53:15 --> Session: Class initialized using 'CodeIgniter\Session\Handlers\FileHandler' driver.
DEBUG - 2025-06-13 08:53:17 --> Session: Class initialized using 'CodeIgniter\Session\Handlers\FileHandler' driver.
DEBUG - 2025-06-13 08:53:19 --> Session: Class initialized using 'CodeIgniter\Session\Handlers\FileHandler' driver.
DEBUG - 2025-06-13 08:54:16 --> Session: Class initialized using 'CodeIgniter\Session\Handlers\FileHandler' driver.
DEBUG - 2025-06-13 08:54:34 --> Session: Class initialized using 'CodeIgniter\Session\Handlers\FileHandler' driver.
DEBUG - 2025-06-13 09:24:51 --> Session: Class initialized using 'CodeIgniter\Session\Handlers\FileHandler' driver.
DEBUG - 2025-06-13 09:24:54 --> Session: Class initialized using 'CodeIgniter\Session\Handlers\FileHandler' driver.
DEBUG - 2025-06-13 09:24:57 --> Session: Class initialized using 'CodeIgniter\Session\Handlers\FileHandler' driver.
DEBUG - 2025-06-13 09:25:09 --> Session: Class initialized using 'CodeIgniter\Session\Handlers\FileHandler' driver.
DEBUG - 2025-06-13 09:25:11 --> Session: Class initialized using 'CodeIgniter\Session\Handlers\FileHandler' driver.
DEBUG - 2025-06-13 09:25:32 --> Session: Class initialized using 'CodeIgniter\Session\Handlers\FileHandler' driver.
DEBUG - 2025-06-13 11:31:21 --> Session: Class initialized using 'CodeIgniter\Session\Handlers\FileHandler' driver.
DEBUG - 2025-06-13 11:32:45 --> Session: Class initialized using 'CodeIgniter\Session\Handlers\FileHandler' driver.
DEBUG - 2025-06-13 11:32:46 --> Session: Class initialized using 'CodeIgniter\Session\Handlers\FileHandler' driver.
DEBUG - 2025-06-13 11:33:34 --> Session: Class initialized using 'CodeIgniter\Session\Handlers\FileHandler' driver.
DEBUG - 2025-06-13 11:33:37 --> Session: Class initialized using 'CodeIgniter\Session\Handlers\FileHandler' driver.
DEBUG - 2025-06-13 11:33:50 --> Session: Class initialized using 'CodeIgniter\Session\Handlers\FileHandler' driver.
DEBUG - 2025-06-13 11:33:55 --> Session: Class initialized using 'CodeIgniter\Session\Handlers\FileHandler' driver.
DEBUG - 2025-06-13 11:33:56 --> Session: Class initialized using 'CodeIgniter\Session\Handlers\FileHandler' driver.
DEBUG - 2025-06-13 11:35:46 --> Session: Class initialized using 'CodeIgniter\Session\Handlers\FileHandler' driver.
DEBUG - 2025-06-13 11:39:36 --> Session: Class initialized using 'CodeIgniter\Session\Handlers\FileHandler' driver.
CRITICAL - 2025-06-13 11:39:36 --> ErrorException: Undefined array key "jumlah_hari"
[Method: GET, Route: dashboard/cuti]
in APPPATH\Views\user\cuti\cuti.php on line 31.
 1 APPPATH\Views\user\cuti\cuti.php(31): CodeIgniter\Debug\Exceptions->errorHandler(2, 'Undefined array key "jumlah_hari"', 'D:\\apps\\laragon\\www\\simpeg\\app\\Views\\user\\cuti\\cuti.php', 31)
 2 SYSTEMPATH\View\View.php(224): include('D:\\apps\\laragon\\www\\simpeg\\app\\Views\\user\\cuti\\cuti.php')
 3 SYSTEMPATH\View\View.php(227): CodeIgniter\View\View->{closure:CodeIgniter\View\View::render():221}()
 4 SYSTEMPATH\Common.php(1173): CodeIgniter\View\View->render('user/cuti/cuti', [], true)
 5 APPPATH\Controllers\Cuti.php(71): view('user/cuti/cuti', [...])
 6 SYSTEMPATH\CodeIgniter.php(933): App\Controllers\Cuti->u_index()
 7 SYSTEMPATH\CodeIgniter.php(507): CodeIgniter\CodeIgniter->runController(Object(App\Controllers\Cuti))
 8 SYSTEMPATH\CodeIgniter.php(354): CodeIgniter\CodeIgniter->handleRequest(null, Object(Config\Cache), false)
 9 SYSTEMPATH\Boot.php(334): CodeIgniter\CodeIgniter->run()
10 SYSTEMPATH\Boot.php(67): CodeIgniter\Boot::runCodeIgniter(Object(CodeIgniter\CodeIgniter))
11 FCPATH\index.php(59): CodeIgniter\Boot::bootWeb(Object(Config\Paths))
12 SYSTEMPATH\rewrite.php(44): require_once('D:\\apps\\laragon\\www\\simpeg\\public\\index.php')
DEBUG - 2025-06-13 11:40:01 --> Session: Class initialized using 'CodeIgniter\Session\Handlers\FileHandler' driver.
DEBUG - 2025-06-13 11:40:47 --> Session: Class initialized using 'CodeIgniter\Session\Handlers\FileHandler' driver.
DEBUG - 2025-06-13 11:41:06 --> Session: Class initialized using 'CodeIgniter\Session\Handlers\FileHandler' driver.
DEBUG - 2025-06-13 11:41:24 --> Session: Class initialized using 'CodeIgniter\Session\Handlers\FileHandler' driver.
DEBUG - 2025-06-13 11:42:39 --> Session: Class initialized using 'CodeIgniter\Session\Handlers\FileHandler' driver.
DEBUG - 2025-06-13 11:42:42 --> Session: Class initialized using 'CodeIgniter\Session\Handlers\FileHandler' driver.
DEBUG - 2025-06-13 11:43:16 --> Session: Class initialized using 'CodeIgniter\Session\Handlers\FileHandler' driver.
DEBUG - 2025-06-13 11:43:57 --> Session: Class initialized using 'CodeIgniter\Session\Handlers\FileHandler' driver.
DEBUG - 2025-06-13 11:44:12 --> Session: Class initialized using 'CodeIgniter\Session\Handlers\FileHandler' driver.
DEBUG - 2025-06-13 11:45:08 --> Session: Class initialized using 'CodeIgniter\Session\Handlers\FileHandler' driver.
DEBUG - 2025-06-13 11:45:20 --> Session: Class initialized using 'CodeIgniter\Session\Handlers\FileHandler' driver.
DEBUG - 2025-06-13 11:45:39 --> Session: Class initialized using 'CodeIgniter\Session\Handlers\FileHandler' driver.
DEBUG - 2025-06-13 11:46:22 --> Session: Class initialized using 'CodeIgniter\Session\Handlers\FileHandler' driver.
DEBUG - 2025-06-13 11:46:33 --> Session: Class initialized using 'CodeIgniter\Session\Handlers\FileHandler' driver.
DEBUG - 2025-06-13 11:46:47 --> Session: Class initialized using 'CodeIgniter\Session\Handlers\FileHandler' driver.
DEBUG - 2025-06-13 11:47:21 --> Session: Class initialized using 'CodeIgniter\Session\Handlers\FileHandler' driver.
DEBUG - 2025-06-13 11:47:36 --> Session: Class initialized using 'CodeIgniter\Session\Handlers\FileHandler' driver.
DEBUG - 2025-06-13 11:47:47 --> Session: Class initialized using 'CodeIgniter\Session\Handlers\FileHandler' driver.
DEBUG - 2025-06-13 11:48:01 --> Session: Class initialized using 'CodeIgniter\Session\Handlers\FileHandler' driver.
DEBUG - 2025-06-13 11:49:13 --> Session: Class initialized using 'CodeIgniter\Session\Handlers\FileHandler' driver.
DEBUG - 2025-06-13 11:49:32 --> Session: Class initialized using 'CodeIgniter\Session\Handlers\FileHandler' driver.
DEBUG - 2025-06-13 11:49:36 --> Session: Class initialized using 'CodeIgniter\Session\Handlers\FileHandler' driver.
DEBUG - 2025-06-13 11:49:46 --> Session: Class initialized using 'CodeIgniter\Session\Handlers\FileHandler' driver.
DEBUG - 2025-06-13 11:50:18 --> Session: Class initialized using 'CodeIgniter\Session\Handlers\FileHandler' driver.
DEBUG - 2025-06-13 11:50:21 --> Session: Class initialized using 'CodeIgniter\Session\Handlers\FileHandler' driver.
DEBUG - 2025-06-13 11:50:30 --> Session: Class initialized using 'CodeIgniter\Session\Handlers\FileHandler' driver.
DEBUG - 2025-06-13 11:50:46 --> Session: Class initialized using 'CodeIgniter\Session\Handlers\FileHandler' driver.
DEBUG - 2025-06-13 11:51:10 --> Session: Class initialized using 'CodeIgniter\Session\Handlers\FileHandler' driver.
DEBUG - 2025-06-13 11:51:30 --> Session: Class initialized using 'CodeIgniter\Session\Handlers\FileHandler' driver.
DEBUG - 2025-06-13 11:52:05 --> Session: Class initialized using 'CodeIgniter\Session\Handlers\FileHandler' driver.
DEBUG - 2025-06-13 11:52:15 --> Session: Class initialized using 'CodeIgniter\Session\Handlers\FileHandler' driver.
DEBUG - 2025-06-13 11:52:24 --> Session: Class initialized using 'CodeIgniter\Session\Handlers\FileHandler' driver.
DEBUG - 2025-06-13 11:52:39 --> Session: Class initialized using 'CodeIgniter\Session\Handlers\FileHandler' driver.
DEBUG - 2025-06-13 11:52:53 --> Session: Class initialized using 'CodeIgniter\Session\Handlers\FileHandler' driver.
DEBUG - 2025-06-13 11:53:30 --> Session: Class initialized using 'CodeIgniter\Session\Handlers\FileHandler' driver.
DEBUG - 2025-06-13 11:54:48 --> Session: Class initialized using 'CodeIgniter\Session\Handlers\FileHandler' driver.
DEBUG - 2025-06-13 11:55:05 --> Session: Class initialized using 'CodeIgniter\Session\Handlers\FileHandler' driver.
DEBUG - 2025-06-13 11:55:16 --> Session: Class initialized using 'CodeIgniter\Session\Handlers\FileHandler' driver.
DEBUG - 2025-06-13 11:55:22 --> Session: Class initialized using 'CodeIgniter\Session\Handlers\FileHandler' driver.
DEBUG - 2025-06-13 11:55:30 --> Session: Class initialized using 'CodeIgniter\Session\Handlers\FileHandler' driver.
DEBUG - 2025-06-13 11:55:31 --> Session: Class initialized using 'CodeIgniter\Session\Handlers\FileHandler' driver.
DEBUG - 2025-06-13 11:55:47 --> Session: Class initialized using 'CodeIgniter\Session\Handlers\FileHandler' driver.
DEBUG - 2025-06-13 11:56:16 --> Session: Class initialized using 'CodeIgniter\Session\Handlers\FileHandler' driver.
DEBUG - 2025-06-13 11:56:28 --> Session: Class initialized using 'CodeIgniter\Session\Handlers\FileHandler' driver.
DEBUG - 2025-06-13 11:56:41 --> Session: Class initialized using 'CodeIgniter\Session\Handlers\FileHandler' driver.
DEBUG - 2025-06-13 11:57:02 --> Session: Class initialized using 'CodeIgniter\Session\Handlers\FileHandler' driver.
DEBUG - 2025-06-13 11:57:04 --> Session: Class initialized using 'CodeIgniter\Session\Handlers\FileHandler' driver.
DEBUG - 2025-06-13 11:57:05 --> Session: Class initialized using 'CodeIgniter\Session\Handlers\FileHandler' driver.
DEBUG - 2025-06-13 11:57:08 --> Session: Class initialized using 'CodeIgniter\Session\Handlers\FileHandler' driver.
DEBUG - 2025-06-13 12:02:02 --> Session: Class initialized using 'CodeIgniter\Session\Handlers\FileHandler' driver.
DEBUG - 2025-06-13 12:03:35 --> Session: Class initialized using 'CodeIgniter\Session\Handlers\FileHandler' driver.
DEBUG - 2025-06-13 12:03:38 --> Session: Class initialized using 'CodeIgniter\Session\Handlers\FileHandler' driver.
DEBUG - 2025-06-13 12:05:30 --> Session: Class initialized using 'CodeIgniter\Session\Handlers\FileHandler' driver.
DEBUG - 2025-06-13 12:06:01 --> Session: Class initialized using 'CodeIgniter\Session\Handlers\FileHandler' driver.
DEBUG - 2025-06-13 12:06:36 --> Session: Class initialized using 'CodeIgniter\Session\Handlers\FileHandler' driver.
DEBUG - 2025-06-13 12:07:12 --> Session: Class initialized using 'CodeIgniter\Session\Handlers\FileHandler' driver.
DEBUG - 2025-06-13 12:08:22 --> Session: Class initialized using 'CodeIgniter\Session\Handlers\FileHandler' driver.
DEBUG - 2025-06-13 12:08:54 --> Session: Class initialized using 'CodeIgniter\Session\Handlers\FileHandler' driver.
DEBUG - 2025-06-13 12:09:10 --> Session: Class initialized using 'CodeIgniter\Session\Handlers\FileHandler' driver.
DEBUG - 2025-06-13 12:13:00 --> Session: Class initialized using 'CodeIgniter\Session\Handlers\FileHandler' driver.
DEBUG - 2025-06-13 12:13:11 --> Session: Class initialized using 'CodeIgniter\Session\Handlers\FileHandler' driver.
DEBUG - 2025-06-13 12:15:10 --> Session: Class initialized using 'CodeIgniter\Session\Handlers\FileHandler' driver.
DEBUG - 2025-06-13 12:18:15 --> Session: Class initialized using 'CodeIgniter\Session\Handlers\FileHandler' driver.
DEBUG - 2025-06-13 12:18:47 --> Session: Class initialized using 'CodeIgniter\Session\Handlers\FileHandler' driver.
DEBUG - 2025-06-13 12:19:41 --> Session: Class initialized using 'CodeIgniter\Session\Handlers\FileHandler' driver.
DEBUG - 2025-06-13 12:19:44 --> Session: Class initialized using 'CodeIgniter\Session\Handlers\FileHandler' driver.
CRITICAL - 2025-06-13 12:19:44 --> CodeIgniter\View\Exceptions\ViewException: Invalid file: "user/cuti/edit_cuti.php"
[Method: POST, Route: dashboard/cuti/update/2]
in SYSTEMPATH\Exceptions\FrameworkException.php on line 39.
 1 SYSTEMPATH\View\View.php(212): CodeIgniter\Exceptions\FrameworkException::forInvalidFile('user/cuti/edit_cuti.php')
 2 SYSTEMPATH\Common.php(1173): CodeIgniter\View\View->render('user/cuti/edit_cuti', [], true)
 3 APPPATH\Controllers\Cuti.php(92): view('user/cuti/edit_cuti', [...])
 4 SYSTEMPATH\CodeIgniter.php(933): App\Controllers\Cuti->u_update('2')
 5 SYSTEMPATH\CodeIgniter.php(507): CodeIgniter\CodeIgniter->runController(Object(App\Controllers\Cuti))
 6 SYSTEMPATH\CodeIgniter.php(354): CodeIgniter\CodeIgniter->handleRequest(null, Object(Config\Cache), false)
 7 SYSTEMPATH\Boot.php(334): CodeIgniter\CodeIgniter->run()
 8 SYSTEMPATH\Boot.php(67): CodeIgniter\Boot::runCodeIgniter(Object(CodeIgniter\CodeIgniter))
 9 FCPATH\index.php(59): CodeIgniter\Boot::bootWeb(Object(Config\Paths))
10 SYSTEMPATH\rewrite.php(44): require_once('D:\\apps\\laragon\\www\\simpeg\\public\\index.php')
DEBUG - 2025-06-13 12:21:10 --> Session: Class initialized using 'CodeIgniter\Session\Handlers\FileHandler' driver.
DEBUG - 2025-06-13 12:21:11 --> Session: Class initialized using 'CodeIgniter\Session\Handlers\FileHandler' driver.
DEBUG - 2025-06-13 12:21:16 --> Session: Class initialized using 'CodeIgniter\Session\Handlers\FileHandler' driver.
DEBUG - 2025-06-13 12:21:31 --> Session: Class initialized using 'CodeIgniter\Session\Handlers\FileHandler' driver.
DEBUG - 2025-06-13 12:21:31 --> Session: Class initialized using 'CodeIgniter\Session\Handlers\FileHandler' driver.
DEBUG - 2025-06-13 12:21:36 --> Session: Class initialized using 'CodeIgniter\Session\Handlers\FileHandler' driver.
DEBUG - 2025-06-13 12:23:47 --> Session: Class initialized using 'CodeIgniter\Session\Handlers\FileHandler' driver.
DEBUG - 2025-06-13 12:24:01 --> Session: Class initialized using 'CodeIgniter\Session\Handlers\FileHandler' driver.
DEBUG - 2025-06-13 12:24:01 --> Session: Class initialized using 'CodeIgniter\Session\Handlers\FileHandler' driver.
DEBUG - 2025-06-13 12:24:20 --> Session: Class initialized using 'CodeIgniter\Session\Handlers\FileHandler' driver.
DEBUG - 2025-06-13 12:24:20 --> Session: Class initialized using 'CodeIgniter\Session\Handlers\FileHandler' driver.
DEBUG - 2025-06-13 12:24:23 --> Session: Class initialized using 'CodeIgniter\Session\Handlers\FileHandler' driver.
DEBUG - 2025-06-13 12:24:31 --> Session: Class initialized using 'CodeIgniter\Session\Handlers\FileHandler' driver.
DEBUG - 2025-06-13 12:24:57 --> Session: Class initialized using 'CodeIgniter\Session\Handlers\FileHandler' driver.
DEBUG - 2025-06-13 12:26:14 --> Session: Class initialized using 'CodeIgniter\Session\Handlers\FileHandler' driver.
DEBUG - 2025-06-13 12:26:19 --> Session: Class initialized using 'CodeIgniter\Session\Handlers\FileHandler' driver.
DEBUG - 2025-06-13 12:26:21 --> Session: Class initialized using 'CodeIgniter\Session\Handlers\FileHandler' driver.
DEBUG - 2025-06-13 12:26:22 --> Session: Class initialized using 'CodeIgniter\Session\Handlers\FileHandler' driver.
DEBUG - 2025-06-13 12:26:56 --> Session: Class initialized using 'CodeIgniter\Session\Handlers\FileHandler' driver.
DEBUG - 2025-06-13 12:27:38 --> Session: Class initialized using 'CodeIgniter\Session\Handlers\FileHandler' driver.
DEBUG - 2025-06-13 12:27:50 --> Session: Class initialized using 'CodeIgniter\Session\Handlers\FileHandler' driver.
DEBUG - 2025-06-13 12:27:59 --> Session: Class initialized using 'CodeIgniter\Session\Handlers\FileHandler' driver.
DEBUG - 2025-06-13 12:28:42 --> Session: Class initialized using 'CodeIgniter\Session\Handlers\FileHandler' driver.
DEBUG - 2025-06-13 12:28:44 --> Session: Class initialized using 'CodeIgniter\Session\Handlers\FileHandler' driver.
DEBUG - 2025-06-13 12:29:05 --> Session: Class initialized using 'CodeIgniter\Session\Handlers\FileHandler' driver.
DEBUG - 2025-06-13 12:29:51 --> Session: Class initialized using 'CodeIgniter\Session\Handlers\FileHandler' driver.
DEBUG - 2025-06-13 12:29:59 --> Session: Class initialized using 'CodeIgniter\Session\Handlers\FileHandler' driver.
DEBUG - 2025-06-13 12:30:10 --> Session: Class initialized using 'CodeIgniter\Session\Handlers\FileHandler' driver.
DEBUG - 2025-06-13 12:30:19 --> Session: Class initialized using 'CodeIgniter\Session\Handlers\FileHandler' driver.
DEBUG - 2025-06-13 12:30:20 --> Session: Class initialized using 'CodeIgniter\Session\Handlers\FileHandler' driver.
DEBUG - 2025-06-13 12:30:29 --> Session: Class initialized using 'CodeIgniter\Session\Handlers\FileHandler' driver.
DEBUG - 2025-06-13 12:30:40 --> Session: Class initialized using 'CodeIgniter\Session\Handlers\FileHandler' driver.
DEBUG - 2025-06-13 12:30:54 --> Session: Class initialized using 'CodeIgniter\Session\Handlers\FileHandler' driver.
DEBUG - 2025-06-13 12:31:01 --> Session: Class initialized using 'CodeIgniter\Session\Handlers\FileHandler' driver.
DEBUG - 2025-06-13 12:32:10 --> Session: Class initialized using 'CodeIgniter\Session\Handlers\FileHandler' driver.
DEBUG - 2025-06-13 12:32:15 --> Session: Class initialized using 'CodeIgniter\Session\Handlers\FileHandler' driver.
DEBUG - 2025-06-13 12:32:17 --> Session: Class initialized using 'CodeIgniter\Session\Handlers\FileHandler' driver.
DEBUG - 2025-06-13 12:32:17 --> Session: Class initialized using 'CodeIgniter\Session\Handlers\FileHandler' driver.
DEBUG - 2025-06-13 12:32:26 --> Session: Class initialized using 'CodeIgniter\Session\Handlers\FileHandler' driver.
DEBUG - 2025-06-13 12:32:27 --> Session: Class initialized using 'CodeIgniter\Session\Handlers\FileHandler' driver.
DEBUG - 2025-06-13 12:32:56 --> Session: Class initialized using 'CodeIgniter\Session\Handlers\FileHandler' driver.
DEBUG - 2025-06-13 12:32:57 --> Session: Class initialized using 'CodeIgniter\Session\Handlers\FileHandler' driver.
CRITICAL - 2025-06-13 12:32:57 --> TypeError: Cannot access offset of type string on string
[Method: GET, Route: dashboard/cuti/create]
in APPPATH\Views\user\cuti\buat_cuti.php on line 26.
 1 SYSTEMPATH\View\View.php(224): include()
 2 SYSTEMPATH\View\View.php(227): CodeIgniter\View\View->{closure:CodeIgniter\View\View::render():221}()
 3 SYSTEMPATH\Common.php(1173): CodeIgniter\View\View->render('user/cuti/buat_cuti', [], true)
 4 APPPATH\Controllers\Cuti.php(106): view('user/cuti/buat_cuti', [...])
 5 SYSTEMPATH\CodeIgniter.php(933): App\Controllers\Cuti->u_create()
 6 SYSTEMPATH\CodeIgniter.php(507): CodeIgniter\CodeIgniter->runController(Object(App\Controllers\Cuti))
 7 SYSTEMPATH\CodeIgniter.php(354): CodeIgniter\CodeIgniter->handleRequest(null, Object(Config\Cache), false)
 8 SYSTEMPATH\Boot.php(334): CodeIgniter\CodeIgniter->run()
 9 SYSTEMPATH\Boot.php(67): CodeIgniter\Boot::runCodeIgniter(Object(CodeIgniter\CodeIgniter))
10 FCPATH\index.php(59): CodeIgniter\Boot::bootWeb(Object(Config\Paths))
11 SYSTEMPATH\rewrite.php(44): require_once('D:\\apps\\laragon\\www\\simpeg\\public\\index.php')
DEBUG - 2025-06-13 12:33:16 --> Session: Class initialized using 'CodeIgniter\Session\Handlers\FileHandler' driver.
DEBUG - 2025-06-13 12:33:23 --> Session: Class initialized using 'CodeIgniter\Session\Handlers\FileHandler' driver.
DEBUG - 2025-06-13 12:33:28 --> Session: Class initialized using 'CodeIgniter\Session\Handlers\FileHandler' driver.
DEBUG - 2025-06-13 12:33:51 --> Session: Class initialized using 'CodeIgniter\Session\Handlers\FileHandler' driver.
DEBUG - 2025-06-13 12:33:51 --> Session: Class initialized using 'CodeIgniter\Session\Handlers\FileHandler' driver.
DEBUG - 2025-06-13 12:33:57 --> Session: Class initialized using 'CodeIgniter\Session\Handlers\FileHandler' driver.
DEBUG - 2025-06-13 12:34:02 --> Session: Class initialized using 'CodeIgniter\Session\Handlers\FileHandler' driver.
DEBUG - 2025-06-13 12:35:16 --> Session: Class initialized using 'CodeIgniter\Session\Handlers\FileHandler' driver.
CRITICAL - 2025-06-13 12:35:16 --> ErrorException: Undefined variable $cuti
[Method: GET, Route: dashboard/cuti/create]
in APPPATH\Views\user\cuti\buat_cuti.php on line 10.
 1 APPPATH\Views\user\cuti\buat_cuti.php(10): CodeIgniter\Debug\Exceptions->errorHandler(2, 'Undefined variable $cuti', 'D:\\apps\\laragon\\www\\simpeg\\app\\Views\\user\\cuti\\buat_cuti.php', 10)
 2 SYSTEMPATH\View\View.php(224): include('D:\\apps\\laragon\\www\\simpeg\\app\\Views\\user\\cuti\\buat_cuti.php')
 3 SYSTEMPATH\View\View.php(227): CodeIgniter\View\View->{closure:CodeIgniter\View\View::render():221}()
 4 SYSTEMPATH\Common.php(1173): CodeIgniter\View\View->render('user/cuti/buat_cuti', [], true)
 5 APPPATH\Controllers\Cuti.php(106): view('user/cuti/buat_cuti', [...])
 6 SYSTEMPATH\CodeIgniter.php(933): App\Controllers\Cuti->u_create()
 7 SYSTEMPATH\CodeIgniter.php(507): CodeIgniter\CodeIgniter->runController(Object(App\Controllers\Cuti))
 8 SYSTEMPATH\CodeIgniter.php(354): CodeIgniter\CodeIgniter->handleRequest(null, Object(Config\Cache), false)
 9 SYSTEMPATH\Boot.php(334): CodeIgniter\CodeIgniter->run()
10 SYSTEMPATH\Boot.php(67): CodeIgniter\Boot::runCodeIgniter(Object(CodeIgniter\CodeIgniter))
11 FCPATH\index.php(59): CodeIgniter\Boot::bootWeb(Object(Config\Paths))
12 SYSTEMPATH\rewrite.php(44): require_once('D:\\apps\\laragon\\www\\simpeg\\public\\index.php')
DEBUG - 2025-06-13 12:38:19 --> Session: Class initialized using 'CodeIgniter\Session\Handlers\FileHandler' driver.
DEBUG - 2025-06-13 12:39:21 --> Session: Class initialized using 'CodeIgniter\Session\Handlers\FileHandler' driver.
DEBUG - 2025-06-13 12:39:33 --> Session: Class initialized using 'CodeIgniter\Session\Handlers\FileHandler' driver.
DEBUG - 2025-06-13 12:39:42 --> Session: Class initialized using 'CodeIgniter\Session\Handlers\FileHandler' driver.
DEBUG - 2025-06-13 12:39:44 --> Session: Class initialized using 'CodeIgniter\Session\Handlers\FileHandler' driver.
DEBUG - 2025-06-13 12:41:38 --> Session: Class initialized using 'CodeIgniter\Session\Handlers\FileHandler' driver.
DEBUG - 2025-06-13 12:41:40 --> Session: Class initialized using 'CodeIgniter\Session\Handlers\FileHandler' driver.
DEBUG - 2025-06-13 12:41:49 --> Session: Class initialized using 'CodeIgniter\Session\Handlers\FileHandler' driver.
DEBUG - 2025-06-13 12:45:50 --> Session: Class initialized using 'CodeIgniter\Session\Handlers\FileHandler' driver.
DEBUG - 2025-06-13 12:46:03 --> Session: Class initialized using 'CodeIgniter\Session\Handlers\FileHandler' driver.
DEBUG - 2025-06-13 12:46:04 --> Session: Class initialized using 'CodeIgniter\Session\Handlers\FileHandler' driver.
DEBUG - 2025-06-13 12:46:36 --> Session: Class initialized using 'CodeIgniter\Session\Handlers\FileHandler' driver.
DEBUG - 2025-06-13 12:46:37 --> Session: Class initialized using 'CodeIgniter\Session\Handlers\FileHandler' driver.
DEBUG - 2025-06-13 12:46:39 --> Session: Class initialized using 'CodeIgniter\Session\Handlers\FileHandler' driver.
DEBUG - 2025-06-13 12:46:47 --> Session: Class initialized using 'CodeIgniter\Session\Handlers\FileHandler' driver.
DEBUG - 2025-06-13 12:47:37 --> Session: Class initialized using 'CodeIgniter\Session\Handlers\FileHandler' driver.
DEBUG - 2025-06-13 12:47:38 --> Session: Class initialized using 'CodeIgniter\Session\Handlers\FileHandler' driver.
DEBUG - 2025-06-13 12:49:24 --> Session: Class initialized using 'CodeIgniter\Session\Handlers\FileHandler' driver.
DEBUG - 2025-06-13 12:49:24 --> Session: Class initialized using 'CodeIgniter\Session\Handlers\FileHandler' driver.
DEBUG - 2025-06-13 12:49:47 --> Session: Class initialized using 'CodeIgniter\Session\Handlers\FileHandler' driver.
DEBUG - 2025-06-13 12:49:47 --> Session: Class initialized using 'CodeIgniter\Session\Handlers\FileHandler' driver.
DEBUG - 2025-06-13 12:50:17 --> Session: Class initialized using 'CodeIgniter\Session\Handlers\FileHandler' driver.
DEBUG - 2025-06-13 12:52:35 --> Session: Class initialized using 'CodeIgniter\Session\Handlers\FileHandler' driver.
DEBUG - 2025-06-13 12:52:35 --> Session: Class initialized using 'CodeIgniter\Session\Handlers\FileHandler' driver.
DEBUG - 2025-06-13 12:52:43 --> Session: Class initialized using 'CodeIgniter\Session\Handlers\FileHandler' driver.
DEBUG - 2025-06-13 12:52:43 --> Session: Class initialized using 'CodeIgniter\Session\Handlers\FileHandler' driver.
DEBUG - 2025-06-13 12:53:04 --> Session: Class initialized using 'CodeIgniter\Session\Handlers\FileHandler' driver.
DEBUG - 2025-06-13 12:56:35 --> Session: Class initialized using 'CodeIgniter\Session\Handlers\FileHandler' driver.
DEBUG - 2025-06-13 12:56:41 --> Session: Class initialized using 'CodeIgniter\Session\Handlers\FileHandler' driver.
DEBUG - 2025-06-13 12:56:42 --> Session: Class initialized using 'CodeIgniter\Session\Handlers\FileHandler' driver.
DEBUG - 2025-06-13 12:59:33 --> Session: Class initialized using 'CodeIgniter\Session\Handlers\FileHandler' driver.
DEBUG - 2025-06-13 12:59:33 --> Session: Class initialized using 'CodeIgniter\Session\Handlers\FileHandler' driver.
DEBUG - 2025-06-13 13:00:34 --> Session: Class initialized using 'CodeIgniter\Session\Handlers\FileHandler' driver.
DEBUG - 2025-06-13 13:00:34 --> Session: Class initialized using 'CodeIgniter\Session\Handlers\FileHandler' driver.
DEBUG - 2025-06-13 13:00:51 --> Session: Class initialized using 'CodeIgniter\Session\Handlers\FileHandler' driver.
DEBUG - 2025-06-13 13:00:57 --> Session: Class initialized using 'CodeIgniter\Session\Handlers\FileHandler' driver.
DEBUG - 2025-06-13 13:04:10 --> Session: Class initialized using 'CodeIgniter\Session\Handlers\FileHandler' driver.
DEBUG - 2025-06-13 13:04:10 --> Session: Class initialized using 'CodeIgniter\Session\Handlers\FileHandler' driver.
DEBUG - 2025-06-13 13:04:19 --> Session: Class initialized using 'CodeIgniter\Session\Handlers\FileHandler' driver.
DEBUG - 2025-06-13 13:04:20 --> Session: Class initialized using 'CodeIgniter\Session\Handlers\FileHandler' driver.
DEBUG - 2025-06-13 13:04:21 --> Session: Class initialized using 'CodeIgniter\Session\Handlers\FileHandler' driver.
DEBUG - 2025-06-13 13:04:31 --> Session: Class initialized using 'CodeIgniter\Session\Handlers\FileHandler' driver.
DEBUG - 2025-06-13 13:04:31 --> Session: Class initialized using 'CodeIgniter\Session\Handlers\FileHandler' driver.
DEBUG - 2025-06-13 13:04:50 --> Session: Class initialized using 'CodeIgniter\Session\Handlers\FileHandler' driver.
DEBUG - 2025-06-13 13:04:50 --> Session: Class initialized using 'CodeIgniter\Session\Handlers\FileHandler' driver.
DEBUG - 2025-06-13 13:06:20 --> Session: Class initialized using 'CodeIgniter\Session\Handlers\FileHandler' driver.
DEBUG - 2025-06-13 13:06:30 --> Session: Class initialized using 'CodeIgniter\Session\Handlers\FileHandler' driver.
DEBUG - 2025-06-13 13:06:30 --> Session: Class initialized using 'CodeIgniter\Session\Handlers\FileHandler' driver.
DEBUG - 2025-06-13 13:06:47 --> Session: Class initialized using 'CodeIgniter\Session\Handlers\FileHandler' driver.
DEBUG - 2025-06-13 13:06:53 --> Session: Class initialized using 'CodeIgniter\Session\Handlers\FileHandler' driver.
DEBUG - 2025-06-13 13:06:53 --> Session: Class initialized using 'CodeIgniter\Session\Handlers\FileHandler' driver.
DEBUG - 2025-06-13 13:07:46 --> Session: Class initialized using 'CodeIgniter\Session\Handlers\FileHandler' driver.
DEBUG - 2025-06-13 13:07:52 --> Session: Class initialized using 'CodeIgniter\Session\Handlers\FileHandler' driver.
DEBUG - 2025-06-13 13:07:52 --> Session: Class initialized using 'CodeIgniter\Session\Handlers\FileHandler' driver.
DEBUG - 2025-06-13 13:11:28 --> Session: Class initialized using 'CodeIgniter\Session\Handlers\FileHandler' driver.
DEBUG - 2025-06-13 13:11:36 --> Session: Class initialized using 'CodeIgniter\Session\Handlers\FileHandler' driver.
CRITICAL - 2025-06-13 13:11:37 --> CodeIgniter\Validation\Exceptions\ValidationException: "requires" is not a valid rule.
[Method: POST, Route: dashboard/cuti/store/]
in SYSTEMPATH\Validation\Validation.php on line 345.
 1 SYSTEMPATH\Validation\Validation.php(345): CodeIgniter\Validation\Exceptions\ValidationException::forRuleNotFound('requires')
 2 SYSTEMPATH\Validation\Validation.php(201): CodeIgniter\Validation\Validation->processRules('jenis', 'jenis', null, [...], [...], 'jenis')
 3 SYSTEMPATH\Controller.php(138): CodeIgniter\Validation\Validation->run()
 4 APPPATH\Controllers\Cuti.php(143): CodeIgniter\Controller->validate([...], [...])
 5 SYSTEMPATH\CodeIgniter.php(933): App\Controllers\Cuti->u_store()
 6 SYSTEMPATH\CodeIgniter.php(507): CodeIgniter\CodeIgniter->runController(Object(App\Controllers\Cuti))
 7 SYSTEMPATH\CodeIgniter.php(354): CodeIgniter\CodeIgniter->handleRequest(null, Object(Config\Cache), false)
 8 SYSTEMPATH\Boot.php(334): CodeIgniter\CodeIgniter->run()
 9 SYSTEMPATH\Boot.php(67): CodeIgniter\Boot::runCodeIgniter(Object(CodeIgniter\CodeIgniter))
10 FCPATH\index.php(59): CodeIgniter\Boot::bootWeb(Object(Config\Paths))
11 SYSTEMPATH\rewrite.php(44): require_once('D:\\apps\\laragon\\www\\simpeg\\public\\index.php')
DEBUG - 2025-06-13 13:11:47 --> Session: Class initialized using 'CodeIgniter\Session\Handlers\FileHandler' driver.
DEBUG - 2025-06-13 13:11:49 --> Session: Class initialized using 'CodeIgniter\Session\Handlers\FileHandler' driver.
DEBUG - 2025-06-13 13:11:49 --> Session: Class initialized using 'CodeIgniter\Session\Handlers\FileHandler' driver.
DEBUG - 2025-06-13 13:12:35 --> Session: Class initialized using 'CodeIgniter\Session\Handlers\FileHandler' driver.
DEBUG - 2025-06-13 13:14:44 --> Session: Class initialized using 'CodeIgniter\Session\Handlers\FileHandler' driver.
DEBUG - 2025-06-13 13:14:58 --> Session: Class initialized using 'CodeIgniter\Session\Handlers\FileHandler' driver.
DEBUG - 2025-06-13 13:14:58 --> Session: Class initialized using 'CodeIgniter\Session\Handlers\FileHandler' driver.
DEBUG - 2025-06-13 13:15:02 --> Session: Class initialized using 'CodeIgniter\Session\Handlers\FileHandler' driver.
DEBUG - 2025-06-13 13:15:08 --> Session: Class initialized using 'CodeIgniter\Session\Handlers\FileHandler' driver.
DEBUG - 2025-06-13 13:15:08 --> Session: Class initialized using 'CodeIgniter\Session\Handlers\FileHandler' driver.
DEBUG - 2025-06-13 13:15:48 --> Session: Class initialized using 'CodeIgniter\Session\Handlers\FileHandler' driver.
DEBUG - 2025-06-13 13:16:38 --> Session: Class initialized using 'CodeIgniter\Session\Handlers\FileHandler' driver.
DEBUG - 2025-06-13 13:16:38 --> Session: Class initialized using 'CodeIgniter\Session\Handlers\FileHandler' driver.
DEBUG - 2025-06-13 13:16:55 --> Session: Class initialized using 'CodeIgniter\Session\Handlers\FileHandler' driver.
DEBUG - 2025-06-13 13:17:02 --> Session: Class initialized using 'CodeIgniter\Session\Handlers\FileHandler' driver.
DEBUG - 2025-06-13 13:17:02 --> Session: Class initialized using 'CodeIgniter\Session\Handlers\FileHandler' driver.
DEBUG - 2025-06-13 13:17:04 --> Session: Class initialized using 'CodeIgniter\Session\Handlers\FileHandler' driver.
DEBUG - 2025-06-13 13:22:58 --> Session: Class initialized using 'CodeIgniter\Session\Handlers\FileHandler' driver.
DEBUG - 2025-06-13 13:22:58 --> Session: Class initialized using 'CodeIgniter\Session\Handlers\FileHandler' driver.
DEBUG - 2025-06-13 13:24:50 --> Session: Class initialized using 'CodeIgniter\Session\Handlers\FileHandler' driver.
DEBUG - 2025-06-13 13:25:01 --> Session: Class initialized using 'CodeIgniter\Session\Handlers\FileHandler' driver.
CRITICAL - 2025-06-13 13:25:01 --> TypeError: Cannot access offset of type string on string
[Method: GET, Route: admin/cuti]
in APPPATH\Views\admin\cuti\cuti.php on line 28.
 1 SYSTEMPATH\View\View.php(224): include()
 2 SYSTEMPATH\View\View.php(227): CodeIgniter\View\View->{closure:CodeIgniter\View\View::render():221}()
 3 SYSTEMPATH\Common.php(1173): CodeIgniter\View\View->render('admin/cuti/cuti', [], true)
 4 APPPATH\Controllers\Cuti.php(57): view('admin/cuti/cuti', [...])
 5 SYSTEMPATH\CodeIgniter.php(933): App\Controllers\Cuti->a_index()
 6 SYSTEMPATH\CodeIgniter.php(507): CodeIgniter\CodeIgniter->runController(Object(App\Controllers\Cuti))
 7 SYSTEMPATH\CodeIgniter.php(354): CodeIgniter\CodeIgniter->handleRequest(null, Object(Config\Cache), false)
 8 SYSTEMPATH\Boot.php(334): CodeIgniter\CodeIgniter->run()
 9 SYSTEMPATH\Boot.php(67): CodeIgniter\Boot::runCodeIgniter(Object(CodeIgniter\CodeIgniter))
10 FCPATH\index.php(59): CodeIgniter\Boot::bootWeb(Object(Config\Paths))
11 SYSTEMPATH\rewrite.php(44): require_once('D:\\apps\\laragon\\www\\simpeg\\public\\index.php')
DEBUG - 2025-06-13 13:26:07 --> Session: Class initialized using 'CodeIgniter\Session\Handlers\FileHandler' driver.
DEBUG - 2025-06-13 13:27:04 --> Session: Class initialized using 'CodeIgniter\Session\Handlers\FileHandler' driver.
DEBUG - 2025-06-13 13:27:05 --> Session: Class initialized using 'CodeIgniter\Session\Handlers\FileHandler' driver.
DEBUG - 2025-06-13 13:27:11 --> Session: Class initialized using 'CodeIgniter\Session\Handlers\FileHandler' driver.
DEBUG - 2025-06-13 13:27:13 --> Session: Class initialized using 'CodeIgniter\Session\Handlers\FileHandler' driver.
DEBUG - 2025-06-13 13:27:17 --> Session: Class initialized using 'CodeIgniter\Session\Handlers\FileHandler' driver.
DEBUG - 2025-06-13 13:27:21 --> Session: Class initialized using 'CodeIgniter\Session\Handlers\FileHandler' driver.
DEBUG - 2025-06-13 13:27:21 --> Session: Class initialized using 'CodeIgniter\Session\Handlers\FileHandler' driver.
DEBUG - 2025-06-13 13:27:22 --> Session: Class initialized using 'CodeIgniter\Session\Handlers\FileHandler' driver.
DEBUG - 2025-06-13 13:27:22 --> Session: Class initialized using 'CodeIgniter\Session\Handlers\FileHandler' driver.
DEBUG - 2025-06-13 13:27:26 --> Session: Class initialized using 'CodeIgniter\Session\Handlers\FileHandler' driver.
DEBUG - 2025-06-13 13:27:29 --> Session: Class initialized using 'CodeIgniter\Session\Handlers\FileHandler' driver.
DEBUG - 2025-06-13 13:27:32 --> Session: Class initialized using 'CodeIgniter\Session\Handlers\FileHandler' driver.
DEBUG - 2025-06-13 13:27:36 --> Session: Class initialized using 'CodeIgniter\Session\Handlers\FileHandler' driver.
DEBUG - 2025-06-13 13:27:40 --> Session: Class initialized using 'CodeIgniter\Session\Handlers\FileHandler' driver.
DEBUG - 2025-06-13 13:28:13 --> Session: Class initialized using 'CodeIgniter\Session\Handlers\FileHandler' driver.
DEBUG - 2025-06-13 13:28:14 --> Session: Class initialized using 'CodeIgniter\Session\Handlers\FileHandler' driver.
DEBUG - 2025-06-13 13:28:16 --> Session: Class initialized using 'CodeIgniter\Session\Handlers\FileHandler' driver.
DEBUG - 2025-06-13 13:28:19 --> Session: Class initialized using 'CodeIgniter\Session\Handlers\FileHandler' driver.
DEBUG - 2025-06-13 13:28:22 --> Session: Class initialized using 'CodeIgniter\Session\Handlers\FileHandler' driver.
DEBUG - 2025-06-13 13:28:26 --> Session: Class initialized using 'CodeIgniter\Session\Handlers\FileHandler' driver.
DEBUG - 2025-06-13 13:29:26 --> Session: Class initialized using 'CodeIgniter\Session\Handlers\FileHandler' driver.
DEBUG - 2025-06-13 13:29:28 --> Session: Class initialized using 'CodeIgniter\Session\Handlers\FileHandler' driver.
DEBUG - 2025-06-13 13:29:30 --> Session: Class initialized using 'CodeIgniter\Session\Handlers\FileHandler' driver.
DEBUG - 2025-06-13 13:30:19 --> Session: Class initialized using 'CodeIgniter\Session\Handlers\FileHandler' driver.
DEBUG - 2025-06-13 13:30:23 --> Session: Class initialized using 'CodeIgniter\Session\Handlers\FileHandler' driver.
CRITICAL - 2025-06-13 13:30:23 --> TypeError: Cannot access offset of type string on string
[Method: GET, Route: admin/cuti]
in APPPATH\Views\admin\cuti\cuti.php on line 28.
 1 SYSTEMPATH\View\View.php(224): include()
 2 SYSTEMPATH\View\View.php(227): CodeIgniter\View\View->{closure:CodeIgniter\View\View::render():221}()
 3 SYSTEMPATH\Common.php(1173): CodeIgniter\View\View->render('admin/cuti/cuti', [], true)
 4 APPPATH\Controllers\Cuti.php(57): view('admin/cuti/cuti', [...])
 5 SYSTEMPATH\CodeIgniter.php(933): App\Controllers\Cuti->a_index()
 6 SYSTEMPATH\CodeIgniter.php(507): CodeIgniter\CodeIgniter->runController(Object(App\Controllers\Cuti))
 7 SYSTEMPATH\CodeIgniter.php(354): CodeIgniter\CodeIgniter->handleRequest(null, Object(Config\Cache), false)
 8 SYSTEMPATH\Boot.php(334): CodeIgniter\CodeIgniter->run()
 9 SYSTEMPATH\Boot.php(67): CodeIgniter\Boot::runCodeIgniter(Object(CodeIgniter\CodeIgniter))
10 FCPATH\index.php(59): CodeIgniter\Boot::bootWeb(Object(Config\Paths))
11 SYSTEMPATH\rewrite.php(44): require_once('D:\\apps\\laragon\\www\\simpeg\\public\\index.php')
DEBUG - 2025-06-13 13:30:52 --> Session: Class initialized using 'CodeIgniter\Session\Handlers\FileHandler' driver.
CRITICAL - 2025-06-13 13:30:52 --> TypeError: Cannot access offset of type string on string
[Method: GET, Route: admin/cuti]
in APPPATH\Views\admin\cuti\cuti.php on line 28.
 1 SYSTEMPATH\View\View.php(224): include()
 2 SYSTEMPATH\View\View.php(227): CodeIgniter\View\View->{closure:CodeIgniter\View\View::render():221}()
 3 SYSTEMPATH\Common.php(1173): CodeIgniter\View\View->render('admin/cuti/cuti', [], true)
 4 APPPATH\Controllers\Cuti.php(57): view('admin/cuti/cuti', [...])
 5 SYSTEMPATH\CodeIgniter.php(933): App\Controllers\Cuti->a_index()
 6 SYSTEMPATH\CodeIgniter.php(507): CodeIgniter\CodeIgniter->runController(Object(App\Controllers\Cuti))
 7 SYSTEMPATH\CodeIgniter.php(354): CodeIgniter\CodeIgniter->handleRequest(null, Object(Config\Cache), false)
 8 SYSTEMPATH\Boot.php(334): CodeIgniter\CodeIgniter->run()
 9 SYSTEMPATH\Boot.php(67): CodeIgniter\Boot::runCodeIgniter(Object(CodeIgniter\CodeIgniter))
10 FCPATH\index.php(59): CodeIgniter\Boot::bootWeb(Object(Config\Paths))
11 SYSTEMPATH\rewrite.php(44): require_once('D:\\apps\\laragon\\www\\simpeg\\public\\index.php')
DEBUG - 2025-06-13 13:30:55 --> Session: Class initialized using 'CodeIgniter\Session\Handlers\FileHandler' driver.
CRITICAL - 2025-06-13 13:30:55 --> TypeError: Cannot access offset of type string on string
[Method: GET, Route: admin/cuti]
in APPPATH\Views\admin\cuti\cuti.php on line 28.
 1 SYSTEMPATH\View\View.php(224): include()
 2 SYSTEMPATH\View\View.php(227): CodeIgniter\View\View->{closure:CodeIgniter\View\View::render():221}()
 3 SYSTEMPATH\Common.php(1173): CodeIgniter\View\View->render('admin/cuti/cuti', [], true)
 4 APPPATH\Controllers\Cuti.php(57): view('admin/cuti/cuti', [...])
 5 SYSTEMPATH\CodeIgniter.php(933): App\Controllers\Cuti->a_index()
 6 SYSTEMPATH\CodeIgniter.php(507): CodeIgniter\CodeIgniter->runController(Object(App\Controllers\Cuti))
 7 SYSTEMPATH\CodeIgniter.php(354): CodeIgniter\CodeIgniter->handleRequest(null, Object(Config\Cache), false)
 8 SYSTEMPATH\Boot.php(334): CodeIgniter\CodeIgniter->run()
 9 SYSTEMPATH\Boot.php(67): CodeIgniter\Boot::runCodeIgniter(Object(CodeIgniter\CodeIgniter))
10 FCPATH\index.php(59): CodeIgniter\Boot::bootWeb(Object(Config\Paths))
11 SYSTEMPATH\rewrite.php(44): require_once('D:\\apps\\laragon\\www\\simpeg\\public\\index.php')
DEBUG - 2025-06-13 13:30:57 --> Session: Class initialized using 'CodeIgniter\Session\Handlers\FileHandler' driver.
DEBUG - 2025-06-13 13:30:58 --> Session: Class initialized using 'CodeIgniter\Session\Handlers\FileHandler' driver.
DEBUG - 2025-06-13 13:31:05 --> Session: Class initialized using 'CodeIgniter\Session\Handlers\FileHandler' driver.
CRITICAL - 2025-06-13 13:31:05 --> TypeError: Cannot access offset of type string on string
[Method: GET, Route: admin/cuti]
in APPPATH\Views\admin\cuti\cuti.php on line 28.
 1 SYSTEMPATH\View\View.php(224): include()
 2 SYSTEMPATH\View\View.php(227): CodeIgniter\View\View->{closure:CodeIgniter\View\View::render():221}()
 3 SYSTEMPATH\Common.php(1173): CodeIgniter\View\View->render('admin/cuti/cuti', [], true)
 4 APPPATH\Controllers\Cuti.php(57): view('admin/cuti/cuti', [...])
 5 SYSTEMPATH\CodeIgniter.php(933): App\Controllers\Cuti->a_index()
 6 SYSTEMPATH\CodeIgniter.php(507): CodeIgniter\CodeIgniter->runController(Object(App\Controllers\Cuti))
 7 SYSTEMPATH\CodeIgniter.php(354): CodeIgniter\CodeIgniter->handleRequest(null, Object(Config\Cache), false)
 8 SYSTEMPATH\Boot.php(334): CodeIgniter\CodeIgniter->run()
 9 SYSTEMPATH\Boot.php(67): CodeIgniter\Boot::runCodeIgniter(Object(CodeIgniter\CodeIgniter))
10 FCPATH\index.php(59): CodeIgniter\Boot::bootWeb(Object(Config\Paths))
11 SYSTEMPATH\rewrite.php(44): require_once('D:\\apps\\laragon\\www\\simpeg\\public\\index.php')
DEBUG - 2025-06-13 13:31:22 --> Session: Class initialized using 'CodeIgniter\Session\Handlers\FileHandler' driver.
CRITICAL - 2025-06-13 13:31:22 --> TypeError: Cannot access offset of type string on string
[Method: GET, Route: admin/cuti]
in APPPATH\Views\admin\cuti\cuti.php on line 28.
 1 SYSTEMPATH\View\View.php(224): include()
 2 SYSTEMPATH\View\View.php(227): CodeIgniter\View\View->{closure:CodeIgniter\View\View::render():221}()
 3 SYSTEMPATH\Common.php(1173): CodeIgniter\View\View->render('admin/cuti/cuti', [], true)
 4 APPPATH\Controllers\Cuti.php(57): view('admin/cuti/cuti', [...])
 5 SYSTEMPATH\CodeIgniter.php(933): App\Controllers\Cuti->a_index()
 6 SYSTEMPATH\CodeIgniter.php(507): CodeIgniter\CodeIgniter->runController(Object(App\Controllers\Cuti))
 7 SYSTEMPATH\CodeIgniter.php(354): CodeIgniter\CodeIgniter->handleRequest(null, Object(Config\Cache), false)
 8 SYSTEMPATH\Boot.php(334): CodeIgniter\CodeIgniter->run()
 9 SYSTEMPATH\Boot.php(67): CodeIgniter\Boot::runCodeIgniter(Object(CodeIgniter\CodeIgniter))
10 FCPATH\index.php(59): CodeIgniter\Boot::bootWeb(Object(Config\Paths))
11 SYSTEMPATH\rewrite.php(44): require_once('D:\\apps\\laragon\\www\\simpeg\\public\\index.php')
DEBUG - 2025-06-13 13:31:28 --> Session: Class initialized using 'CodeIgniter\Session\Handlers\FileHandler' driver.
CRITICAL - 2025-06-13 13:31:28 --> TypeError: Cannot access offset of type string on string
[Method: GET, Route: admin/cuti]
in APPPATH\Views\admin\cuti\cuti.php on line 28.
 1 SYSTEMPATH\View\View.php(224): include()
 2 SYSTEMPATH\View\View.php(227): CodeIgniter\View\View->{closure:CodeIgniter\View\View::render():221}()
 3 SYSTEMPATH\Common.php(1173): CodeIgniter\View\View->render('admin/cuti/cuti', [], true)
 4 APPPATH\Controllers\Cuti.php(57): view('admin/cuti/cuti', [...])
 5 SYSTEMPATH\CodeIgniter.php(933): App\Controllers\Cuti->a_index()
 6 SYSTEMPATH\CodeIgniter.php(507): CodeIgniter\CodeIgniter->runController(Object(App\Controllers\Cuti))
 7 SYSTEMPATH\CodeIgniter.php(354): CodeIgniter\CodeIgniter->handleRequest(null, Object(Config\Cache), false)
 8 SYSTEMPATH\Boot.php(334): CodeIgniter\CodeIgniter->run()
 9 SYSTEMPATH\Boot.php(67): CodeIgniter\Boot::runCodeIgniter(Object(CodeIgniter\CodeIgniter))
10 FCPATH\index.php(59): CodeIgniter\Boot::bootWeb(Object(Config\Paths))
11 SYSTEMPATH\rewrite.php(44): require_once('D:\\apps\\laragon\\www\\simpeg\\public\\index.php')
DEBUG - 2025-06-13 13:31:34 --> Session: Class initialized using 'CodeIgniter\Session\Handlers\FileHandler' driver.
CRITICAL - 2025-06-13 13:31:35 --> TypeError: Cannot access offset of type string on string
[Method: GET, Route: admin/cuti]
in APPPATH\Views\admin\cuti\cuti.php on line 28.
 1 SYSTEMPATH\View\View.php(224): include()
 2 SYSTEMPATH\View\View.php(227): CodeIgniter\View\View->{closure:CodeIgniter\View\View::render():221}()
 3 SYSTEMPATH\Common.php(1173): CodeIgniter\View\View->render('admin/cuti/cuti', [], true)
 4 APPPATH\Controllers\Cuti.php(57): view('admin/cuti/cuti', [...])
 5 SYSTEMPATH\CodeIgniter.php(933): App\Controllers\Cuti->a_index()
 6 SYSTEMPATH\CodeIgniter.php(507): CodeIgniter\CodeIgniter->runController(Object(App\Controllers\Cuti))
 7 SYSTEMPATH\CodeIgniter.php(354): CodeIgniter\CodeIgniter->handleRequest(null, Object(Config\Cache), false)
 8 SYSTEMPATH\Boot.php(334): CodeIgniter\CodeIgniter->run()
 9 SYSTEMPATH\Boot.php(67): CodeIgniter\Boot::runCodeIgniter(Object(CodeIgniter\CodeIgniter))
10 FCPATH\index.php(59): CodeIgniter\Boot::bootWeb(Object(Config\Paths))
11 SYSTEMPATH\rewrite.php(44): require_once('D:\\apps\\laragon\\www\\simpeg\\public\\index.php')
DEBUG - 2025-06-13 13:31:51 --> Session: Class initialized using 'CodeIgniter\Session\Handlers\FileHandler' driver.
DEBUG - 2025-06-13 13:32:18 --> Session: Class initialized using 'CodeIgniter\Session\Handlers\FileHandler' driver.
DEBUG - 2025-06-13 13:32:21 --> Session: Class initialized using 'CodeIgniter\Session\Handlers\FileHandler' driver.
DEBUG - 2025-06-13 13:32:25 --> Session: Class initialized using 'CodeIgniter\Session\Handlers\FileHandler' driver.
DEBUG - 2025-06-13 13:33:20 --> Session: Class initialized using 'CodeIgniter\Session\Handlers\FileHandler' driver.
DEBUG - 2025-06-13 13:33:23 --> Session: Class initialized using 'CodeIgniter\Session\Handlers\FileHandler' driver.
CRITICAL - 2025-06-13 13:33:23 --> CodeIgniter\View\Exceptions\ViewException: Invalid file: "admin/cuti/detail_cuti.php"
[Method: GET, Route: admin/cuti/1]
in SYSTEMPATH\Exceptions\FrameworkException.php on line 39.
 1 SYSTEMPATH\View\View.php(212): CodeIgniter\Exceptions\FrameworkException::forInvalidFile('admin/cuti/detail_cuti.php')
 2 SYSTEMPATH\Common.php(1173): CodeIgniter\View\View->render('admin/cuti/detail_cuti', [], true)
 3 APPPATH\Controllers\Cuti.php(68): view('admin/cuti/detail_cuti', [...])
 4 SYSTEMPATH\CodeIgniter.php(933): App\Controllers\Cuti->a_show('1')
 5 SYSTEMPATH\CodeIgniter.php(507): CodeIgniter\CodeIgniter->runController(Object(App\Controllers\Cuti))
 6 SYSTEMPATH\CodeIgniter.php(354): CodeIgniter\CodeIgniter->handleRequest(null, Object(Config\Cache), false)
 7 SYSTEMPATH\Boot.php(334): CodeIgniter\CodeIgniter->run()
 8 SYSTEMPATH\Boot.php(67): CodeIgniter\Boot::runCodeIgniter(Object(CodeIgniter\CodeIgniter))
 9 FCPATH\index.php(59): CodeIgniter\Boot::bootWeb(Object(Config\Paths))
10 SYSTEMPATH\rewrite.php(44): require_once('D:\\apps\\laragon\\www\\simpeg\\public\\index.php')
DEBUG - 2025-06-13 13:36:25 --> Session: Class initialized using 'CodeIgniter\Session\Handlers\FileHandler' driver.
DEBUG - 2025-06-13 13:36:28 --> Session: Class initialized using 'CodeIgniter\Session\Handlers\FileHandler' driver.
DEBUG - 2025-06-13 13:36:33 --> Session: Class initialized using 'CodeIgniter\Session\Handlers\FileHandler' driver.
DEBUG - 2025-06-13 13:37:21 --> Session: Class initialized using 'CodeIgniter\Session\Handlers\FileHandler' driver.
DEBUG - 2025-06-13 13:37:32 --> Session: Class initialized using 'CodeIgniter\Session\Handlers\FileHandler' driver.
DEBUG - 2025-06-13 13:38:49 --> Session: Class initialized using 'CodeIgniter\Session\Handlers\FileHandler' driver.
DEBUG - 2025-06-13 13:39:14 --> Session: Class initialized using 'CodeIgniter\Session\Handlers\FileHandler' driver.
DEBUG - 2025-06-13 13:39:20 --> Session: Class initialized using 'CodeIgniter\Session\Handlers\FileHandler' driver.
DEBUG - 2025-06-13 13:39:20 --> Session: Class initialized using 'CodeIgniter\Session\Handlers\FileHandler' driver.
DEBUG - 2025-06-13 13:39:21 --> Session: Class initialized using 'CodeIgniter\Session\Handlers\FileHandler' driver.
DEBUG - 2025-06-13 13:39:21 --> Session: Class initialized using 'CodeIgniter\Session\Handlers\FileHandler' driver.
DEBUG - 2025-06-13 13:40:10 --> Session: Class initialized using 'CodeIgniter\Session\Handlers\FileHandler' driver.
DEBUG - 2025-06-13 13:40:55 --> Session: Class initialized using 'CodeIgniter\Session\Handlers\FileHandler' driver.
DEBUG - 2025-06-13 13:46:13 --> Session: Class initialized using 'CodeIgniter\Session\Handlers\FileHandler' driver.
DEBUG - 2025-06-13 13:46:15 --> Session: Class initialized using 'CodeIgniter\Session\Handlers\FileHandler' driver.
DEBUG - 2025-06-13 13:46:28 --> Session: Class initialized using 'CodeIgniter\Session\Handlers\FileHandler' driver.
DEBUG - 2025-06-13 13:46:31 --> Session: Class initialized using 'CodeIgniter\Session\Handlers\FileHandler' driver.
DEBUG - 2025-06-13 13:46:34 --> Session: Class initialized using 'CodeIgniter\Session\Handlers\FileHandler' driver.
DEBUG - 2025-06-13 13:46:40 --> Session: Class initialized using 'CodeIgniter\Session\Handlers\FileHandler' driver.
DEBUG - 2025-06-13 13:49:29 --> Session: Class initialized using 'CodeIgniter\Session\Handlers\FileHandler' driver.
DEBUG - 2025-06-13 13:49:30 --> Session: Class initialized using 'CodeIgniter\Session\Handlers\FileHandler' driver.
DEBUG - 2025-06-13 13:50:44 --> Session: Class initialized using 'CodeIgniter\Session\Handlers\FileHandler' driver.
DEBUG - 2025-06-13 13:51:20 --> Session: Class initialized using 'CodeIgniter\Session\Handlers\FileHandler' driver.
DEBUG - 2025-06-13 13:51:35 --> Session: Class initialized using 'CodeIgniter\Session\Handlers\FileHandler' driver.
DEBUG - 2025-06-13 13:52:27 --> Session: Class initialized using 'CodeIgniter\Session\Handlers\FileHandler' driver.
DEBUG - 2025-06-13 13:52:29 --> Session: Class initialized using 'CodeIgniter\Session\Handlers\FileHandler' driver.
DEBUG - 2025-06-13 13:52:35 --> Session: Class initialized using 'CodeIgniter\Session\Handlers\FileHandler' driver.
DEBUG - 2025-06-13 13:52:43 --> Session: Class initialized using 'CodeIgniter\Session\Handlers\FileHandler' driver.
DEBUG - 2025-06-13 13:52:46 --> Session: Class initialized using 'CodeIgniter\Session\Handlers\FileHandler' driver.
DEBUG - 2025-06-13 13:52:50 --> Session: Class initialized using 'CodeIgniter\Session\Handlers\FileHandler' driver.
DEBUG - 2025-06-13 13:52:57 --> Session: Class initialized using 'CodeIgniter\Session\Handlers\FileHandler' driver.
DEBUG - 2025-06-13 13:52:58 --> Session: Class initialized using 'CodeIgniter\Session\Handlers\FileHandler' driver.
DEBUG - 2025-06-13 13:53:15 --> Session: Class initialized using 'CodeIgniter\Session\Handlers\FileHandler' driver.
DEBUG - 2025-06-13 13:53:15 --> Session: Class initialized using 'CodeIgniter\Session\Handlers\FileHandler' driver.
DEBUG - 2025-06-13 13:53:40 --> Session: Class initialized using 'CodeIgniter\Session\Handlers\FileHandler' driver.
DEBUG - 2025-06-13 13:53:42 --> Session: Class initialized using 'CodeIgniter\Session\Handlers\FileHandler' driver.
DEBUG - 2025-06-13 13:53:43 --> Session: Class initialized using 'CodeIgniter\Session\Handlers\FileHandler' driver.
DEBUG - 2025-06-13 13:53:44 --> Session: Class initialized using 'CodeIgniter\Session\Handlers\FileHandler' driver.
DEBUG - 2025-06-13 13:53:55 --> Session: Class initialized using 'CodeIgniter\Session\Handlers\FileHandler' driver.
DEBUG - 2025-06-13 13:53:58 --> Session: Class initialized using 'CodeIgniter\Session\Handlers\FileHandler' driver.
DEBUG - 2025-06-13 13:54:00 --> Session: Class initialized using 'CodeIgniter\Session\Handlers\FileHandler' driver.
DEBUG - 2025-06-13 13:54:01 --> Session: Class initialized using 'CodeIgniter\Session\Handlers\FileHandler' driver.
DEBUG - 2025-06-13 13:54:02 --> Session: Class initialized using 'CodeIgniter\Session\Handlers\FileHandler' driver.
DEBUG - 2025-06-13 13:54:04 --> Session: Class initialized using 'CodeIgniter\Session\Handlers\FileHandler' driver.
DEBUG - 2025-06-13 14:11:35 --> Session: Class initialized using 'CodeIgniter\Session\Handlers\FileHandler' driver.
DEBUG - 2025-06-13 14:12:02 --> Session: Class initialized using 'CodeIgniter\Session\Handlers\FileHandler' driver.
DEBUG - 2025-06-13 14:12:39 --> Session: Class initialized using 'CodeIgniter\Session\Handlers\FileHandler' driver.
DEBUG - 2025-06-13 14:12:45 --> Session: Class initialized using 'CodeIgniter\Session\Handlers\FileHandler' driver.
DEBUG - 2025-06-13 14:13:14 --> Session: Class initialized using 'CodeIgniter\Session\Handlers\FileHandler' driver.
DEBUG - 2025-06-13 14:13:36 --> Session: Class initialized using 'CodeIgniter\Session\Handlers\FileHandler' driver.
DEBUG - 2025-06-13 14:13:40 --> Session: Class initialized using 'CodeIgniter\Session\Handlers\FileHandler' driver.
DEBUG - 2025-06-13 14:13:41 --> Session: Class initialized using 'CodeIgniter\Session\Handlers\FileHandler' driver.
DEBUG - 2025-06-13 14:13:43 --> Session: Class initialized using 'CodeIgniter\Session\Handlers\FileHandler' driver.
DEBUG - 2025-06-13 14:13:45 --> Session: Class initialized using 'CodeIgniter\Session\Handlers\FileHandler' driver.
DEBUG - 2025-06-13 14:13:48 --> Session: Class initialized using 'CodeIgniter\Session\Handlers\FileHandler' driver.
DEBUG - 2025-06-13 14:13:49 --> Session: Class initialized using 'CodeIgniter\Session\Handlers\FileHandler' driver.
DEBUG - 2025-06-13 14:13:50 --> Session: Class initialized using 'CodeIgniter\Session\Handlers\FileHandler' driver.
DEBUG - 2025-06-13 14:13:52 --> Session: Class initialized using 'CodeIgniter\Session\Handlers\FileHandler' driver.
DEBUG - 2025-06-13 14:13:56 --> Session: Class initialized using 'CodeIgniter\Session\Handlers\FileHandler' driver.
DEBUG - 2025-06-13 14:13:58 --> Session: Class initialized using 'CodeIgniter\Session\Handlers\FileHandler' driver.
DEBUG - 2025-06-13 14:13:59 --> Session: Class initialized using 'CodeIgniter\Session\Handlers\FileHandler' driver.
DEBUG - 2025-06-13 14:14:00 --> Session: Class initialized using 'CodeIgniter\Session\Handlers\FileHandler' driver.
DEBUG - 2025-06-13 14:14:01 --> Session: Class initialized using 'CodeIgniter\Session\Handlers\FileHandler' driver.
DEBUG - 2025-06-13 14:14:02 --> Session: Class initialized using 'CodeIgniter\Session\Handlers\FileHandler' driver.
DEBUG - 2025-06-13 14:14:04 --> Session: Class initialized using 'CodeIgniter\Session\Handlers\FileHandler' driver.
DEBUG - 2025-06-13 14:14:06 --> Session: Class initialized using 'CodeIgniter\Session\Handlers\FileHandler' driver.
DEBUG - 2025-06-13 14:17:47 --> Session: Class initialized using 'CodeIgniter\Session\Handlers\FileHandler' driver.
DEBUG - 2025-06-13 14:20:39 --> Session: Class initialized using 'CodeIgniter\Session\Handlers\FileHandler' driver.
DEBUG - 2025-06-13 14:21:04 --> Session: Class initialized using 'CodeIgniter\Session\Handlers\FileHandler' driver.
DEBUG - 2025-06-13 14:21:05 --> Session: Class initialized using 'CodeIgniter\Session\Handlers\FileHandler' driver.
DEBUG - 2025-06-13 14:22:10 --> Session: Class initialized using 'CodeIgniter\Session\Handlers\FileHandler' driver.
DEBUG - 2025-06-13 14:22:27 --> Session: Class initialized using 'CodeIgniter\Session\Handlers\FileHandler' driver.
DEBUG - 2025-06-13 14:22:33 --> Session: Class initialized using 'CodeIgniter\Session\Handlers\FileHandler' driver.
DEBUG - 2025-06-13 14:22:35 --> Session: Class initialized using 'CodeIgniter\Session\Handlers\FileHandler' driver.
DEBUG - 2025-06-13 14:22:59 --> Session: Class initialized using 'CodeIgniter\Session\Handlers\FileHandler' driver.
DEBUG - 2025-06-13 14:23:00 --> Session: Class initialized using 'CodeIgniter\Session\Handlers\FileHandler' driver.
DEBUG - 2025-06-13 14:23:12 --> Session: Class initialized using 'CodeIgniter\Session\Handlers\FileHandler' driver.
DEBUG - 2025-06-13 14:23:14 --> Session: Class initialized using 'CodeIgniter\Session\Handlers\FileHandler' driver.
DEBUG - 2025-06-13 14:23:16 --> Session: Class initialized using 'CodeIgniter\Session\Handlers\FileHandler' driver.
DEBUG - 2025-06-13 14:25:11 --> Session: Class initialized using 'CodeIgniter\Session\Handlers\FileHandler' driver.
DEBUG - 2025-06-13 14:25:14 --> Session: Class initialized using 'CodeIgniter\Session\Handlers\FileHandler' driver.
DEBUG - 2025-06-13 14:25:16 --> Session: Class initialized using 'CodeIgniter\Session\Handlers\FileHandler' driver.
CRITICAL - 2025-06-13 14:25:16 --> ErrorException: Undefined variable $jabatans
[Method: GET, Route: admin/pegawai/edit/2303040072]
in APPPATH\Views\admin\pegawai\edit_pegawai.php on line 46.
 1 APPPATH\Views\admin\pegawai\edit_pegawai.php(46): CodeIgniter\Debug\Exceptions->errorHandler(2, 'Undefined variable $jabatans', 'D:\\apps\\laragon\\www\\simpeg\\app\\Views\\admin\\pegawai\\edit_pegawai.php', 46)
 2 SYSTEMPATH\View\View.php(224): include('D:\\apps\\laragon\\www\\simpeg\\app\\Views\\admin\\pegawai\\edit_pegawai.php')
 3 SYSTEMPATH\View\View.php(227): CodeIgniter\View\View->{closure:CodeIgniter\View\View::render():221}()
 4 SYSTEMPATH\Common.php(1173): CodeIgniter\View\View->render('admin/pegawai/edit_pegawai', [], true)
 5 APPPATH\Controllers\Pegawai.php(118): view('admin/pegawai/edit_pegawai', [...])
 6 SYSTEMPATH\CodeIgniter.php(933): App\Controllers\Pegawai->edit('2303040072')
 7 SYSTEMPATH\CodeIgniter.php(507): CodeIgniter\CodeIgniter->runController(Object(App\Controllers\Pegawai))
 8 SYSTEMPATH\CodeIgniter.php(354): CodeIgniter\CodeIgniter->handleRequest(null, Object(Config\Cache), false)
 9 SYSTEMPATH\Boot.php(334): CodeIgniter\CodeIgniter->run()
10 SYSTEMPATH\Boot.php(67): CodeIgniter\Boot::runCodeIgniter(Object(CodeIgniter\CodeIgniter))
11 FCPATH\index.php(59): CodeIgniter\Boot::bootWeb(Object(Config\Paths))
12 SYSTEMPATH\rewrite.php(44): require_once('D:\\apps\\laragon\\www\\simpeg\\public\\index.php')
DEBUG - 2025-06-13 14:25:55 --> Session: Class initialized using 'CodeIgniter\Session\Handlers\FileHandler' driver.
DEBUG - 2025-06-13 14:27:44 --> Session: Class initialized using 'CodeIgniter\Session\Handlers\FileHandler' driver.
DEBUG - 2025-06-13 14:28:50 --> Session: Class initialized using 'CodeIgniter\Session\Handlers\FileHandler' driver.
DEBUG - 2025-06-13 14:29:35 --> Session: Class initialized using 'CodeIgniter\Session\Handlers\FileHandler' driver.
DEBUG - 2025-06-13 14:29:35 --> Session: Class initialized using 'CodeIgniter\Session\Handlers\FileHandler' driver.
DEBUG - 2025-06-13 14:36:00 --> Session: Class initialized using 'CodeIgniter\Session\Handlers\FileHandler' driver.
DEBUG - 2025-06-13 14:36:00 --> Session: Class initialized using 'CodeIgniter\Session\Handlers\FileHandler' driver.
DEBUG - 2025-06-13 14:36:24 --> Session: Class initialized using 'CodeIgniter\Session\Handlers\FileHandler' driver.
DEBUG - 2025-06-13 14:36:54 --> Session: Class initialized using 'CodeIgniter\Session\Handlers\FileHandler' driver.
DEBUG - 2025-06-13 14:37:06 --> Session: Class initialized using 'CodeIgniter\Session\Handlers\FileHandler' driver.
DEBUG - 2025-06-13 14:37:14 --> Session: Class initialized using 'CodeIgniter\Session\Handlers\FileHandler' driver.
DEBUG - 2025-06-13 14:51:27 --> Session: Class initialized using 'CodeIgniter\Session\Handlers\FileHandler' driver.
DEBUG - 2025-06-13 15:01:26 --> Session: Class initialized using 'CodeIgniter\Session\Handlers\FileHandler' driver.
DEBUG - 2025-06-13 15:01:26 --> Session: Class initialized using 'CodeIgniter\Session\Handlers\FileHandler' driver.
DEBUG - 2025-06-13 15:02:32 --> Session: Class initialized using 'CodeIgniter\Session\Handlers\FileHandler' driver.
DEBUG - 2025-06-13 15:02:36 --> Session: Class initialized using 'CodeIgniter\Session\Handlers\FileHandler' driver.
DEBUG - 2025-06-13 15:02:36 --> Session: Class initialized using 'CodeIgniter\Session\Handlers\FileHandler' driver.
DEBUG - 2025-06-13 15:06:33 --> Session: Class initialized using 'CodeIgniter\Session\Handlers\FileHandler' driver.
DEBUG - 2025-06-13 15:06:33 --> Session: Class initialized using 'CodeIgniter\Session\Handlers\FileHandler' driver.
DEBUG - 2025-06-13 15:08:18 --> Session: Class initialized using 'CodeIgniter\Session\Handlers\FileHandler' driver.
DEBUG - 2025-06-13 15:08:21 --> Session: Class initialized using 'CodeIgniter\Session\Handlers\FileHandler' driver.
CRITICAL - 2025-06-13 15:08:21 --> ErrorException: Undefined array key "email"
[Method: POST, Route: admin/pegawai/update/2303040072]
in APPPATH\Controllers\Pegawai.php on line 143.
 1 APPPATH\Controllers\Pegawai.php(143): CodeIgniter\Debug\Exceptions->errorHandler(2, 'Undefined array key "email"', 'D:\\apps\\laragon\\www\\simpeg\\app\\Controllers\\Pegawai.php', 143)
 2 SYSTEMPATH\CodeIgniter.php(933): App\Controllers\Pegawai->update('2303040072')
 3 SYSTEMPATH\CodeIgniter.php(507): CodeIgniter\CodeIgniter->runController(Object(App\Controllers\Pegawai))
 4 SYSTEMPATH\CodeIgniter.php(354): CodeIgniter\CodeIgniter->handleRequest(null, Object(Config\Cache), false)
 5 SYSTEMPATH\Boot.php(334): CodeIgniter\CodeIgniter->run()
 6 SYSTEMPATH\Boot.php(67): CodeIgniter\Boot::runCodeIgniter(Object(CodeIgniter\CodeIgniter))
 7 FCPATH\index.php(59): CodeIgniter\Boot::bootWeb(Object(Config\Paths))
 8 SYSTEMPATH\rewrite.php(44): require_once('D:\\apps\\laragon\\www\\simpeg\\public\\index.php')
DEBUG - 2025-06-13 15:08:27 --> Session: Class initialized using 'CodeIgniter\Session\Handlers\FileHandler' driver.
DEBUG - 2025-06-13 15:09:16 --> Session: Class initialized using 'CodeIgniter\Session\Handlers\FileHandler' driver.
CRITICAL - 2025-06-13 15:09:16 --> ErrorException: Undefined array key "email"
[Method: POST, Route: admin/pegawai/update/2303040072]
in APPPATH\Controllers\Pegawai.php on line 142.
 1 APPPATH\Controllers\Pegawai.php(142): CodeIgniter\Debug\Exceptions->errorHandler(2, 'Undefined array key "email"', 'D:\\apps\\laragon\\www\\simpeg\\app\\Controllers\\Pegawai.php', 142)
 2 SYSTEMPATH\CodeIgniter.php(933): App\Controllers\Pegawai->update('2303040072')
 3 SYSTEMPATH\CodeIgniter.php(507): CodeIgniter\CodeIgniter->runController(Object(App\Controllers\Pegawai))
 4 SYSTEMPATH\CodeIgniter.php(354): CodeIgniter\CodeIgniter->handleRequest(null, Object(Config\Cache), false)
 5 SYSTEMPATH\Boot.php(334): CodeIgniter\CodeIgniter->run()
 6 SYSTEMPATH\Boot.php(67): CodeIgniter\Boot::runCodeIgniter(Object(CodeIgniter\CodeIgniter))
 7 FCPATH\index.php(59): CodeIgniter\Boot::bootWeb(Object(Config\Paths))
 8 SYSTEMPATH\rewrite.php(44): require_once('D:\\apps\\laragon\\www\\simpeg\\public\\index.php')
DEBUG - 2025-06-13 15:09:28 --> Session: Class initialized using 'CodeIgniter\Session\Handlers\FileHandler' driver.
DEBUG - 2025-06-13 15:10:14 --> Session: Class initialized using 'CodeIgniter\Session\Handlers\FileHandler' driver.
DEBUG - 2025-06-13 15:10:14 --> Session: Class initialized using 'CodeIgniter\Session\Handlers\FileHandler' driver.
DEBUG - 2025-06-13 15:10:16 --> Session: Class initialized using 'CodeIgniter\Session\Handlers\FileHandler' driver.
DEBUG - 2025-06-13 15:10:16 --> Session: Class initialized using 'CodeIgniter\Session\Handlers\FileHandler' driver.
DEBUG - 2025-06-13 15:10:27 --> Session: Class initialized using 'CodeIgniter\Session\Handlers\FileHandler' driver.
DEBUG - 2025-06-13 15:10:29 --> Session: Class initialized using 'CodeIgniter\Session\Handlers\FileHandler' driver.
DEBUG - 2025-06-13 15:10:29 --> Session: Class initialized using 'CodeIgniter\Session\Handlers\FileHandler' driver.
DEBUG - 2025-06-13 15:11:19 --> Session: Class initialized using 'CodeIgniter\Session\Handlers\FileHandler' driver.
DEBUG - 2025-06-13 15:11:21 --> Session: Class initialized using 'CodeIgniter\Session\Handlers\FileHandler' driver.
DEBUG - 2025-06-13 15:11:21 --> Session: Class initialized using 'CodeIgniter\Session\Handlers\FileHandler' driver.
DEBUG - 2025-06-13 15:11:24 --> Session: Class initialized using 'CodeIgniter\Session\Handlers\FileHandler' driver.
DEBUG - 2025-06-13 15:11:27 --> Session: Class initialized using 'CodeIgniter\Session\Handlers\FileHandler' driver.
DEBUG - 2025-06-13 15:11:42 --> Session: Class initialized using 'CodeIgniter\Session\Handlers\FileHandler' driver.
DEBUG - 2025-06-13 15:11:42 --> Session: Class initialized using 'CodeIgniter\Session\Handlers\FileHandler' driver.
DEBUG - 2025-06-13 15:11:44 --> Session: Class initialized using 'CodeIgniter\Session\Handlers\FileHandler' driver.
DEBUG - 2025-06-13 15:13:41 --> Session: Class initialized using 'CodeIgniter\Session\Handlers\FileHandler' driver.
DEBUG - 2025-06-13 15:13:49 --> Session: Class initialized using 'CodeIgniter\Session\Handlers\FileHandler' driver.
DEBUG - 2025-06-13 15:13:50 --> Session: Class initialized using 'CodeIgniter\Session\Handlers\FileHandler' driver.
DEBUG - 2025-06-13 15:13:56 --> Session: Class initialized using 'CodeIgniter\Session\Handlers\FileHandler' driver.
DEBUG - 2025-06-13 15:13:56 --> Session: Class initialized using 'CodeIgniter\Session\Handlers\FileHandler' driver.
DEBUG - 2025-06-13 15:14:01 --> Session: Class initialized using 'CodeIgniter\Session\Handlers\FileHandler' driver.
DEBUG - 2025-06-13 15:14:03 --> Session: Class initialized using 'CodeIgniter\Session\Handlers\FileHandler' driver.
DEBUG - 2025-06-13 15:14:08 --> Session: Class initialized using 'CodeIgniter\Session\Handlers\FileHandler' driver.
DEBUG - 2025-06-13 15:14:10 --> Session: Class initialized using 'CodeIgniter\Session\Handlers\FileHandler' driver.
DEBUG - 2025-06-13 15:14:12 --> Session: Class initialized using 'CodeIgniter\Session\Handlers\FileHandler' driver.
DEBUG - 2025-06-13 15:14:13 --> Session: Class initialized using 'CodeIgniter\Session\Handlers\FileHandler' driver.
DEBUG - 2025-06-13 15:14:19 --> Session: Class initialized using 'CodeIgniter\Session\Handlers\FileHandler' driver.
DEBUG - 2025-06-13 15:14:20 --> Session: Class initialized using 'CodeIgniter\Session\Handlers\FileHandler' driver.
DEBUG - 2025-06-13 15:14:22 --> Session: Class initialized using 'CodeIgniter\Session\Handlers\FileHandler' driver.
DEBUG - 2025-06-13 15:14:25 --> Session: Class initialized using 'CodeIgniter\Session\Handlers\FileHandler' driver.
DEBUG - 2025-06-13 15:15:38 --> Session: Class initialized using 'CodeIgniter\Session\Handlers\FileHandler' driver.
DEBUG - 2025-06-13 15:16:14 --> Session: Class initialized using 'CodeIgniter\Session\Handlers\FileHandler' driver.
DEBUG - 2025-06-13 15:16:16 --> Session: Class initialized using 'CodeIgniter\Session\Handlers\FileHandler' driver.
DEBUG - 2025-06-13 15:17:21 --> Session: Class initialized using 'CodeIgniter\Session\Handlers\FileHandler' driver.
DEBUG - 2025-06-13 15:17:57 --> Session: Class initialized using 'CodeIgniter\Session\Handlers\FileHandler' driver.
CRITICAL - 2025-06-13 15:17:58 --> ErrorException: Undefined variable $cuti
[Method: GET, Route: admin/pegawai/edit/2303040072]
in APPPATH\Views\admin\pegawai\edit_pegawai.php on line 12.
 1 APPPATH\Views\admin\pegawai\edit_pegawai.php(12): CodeIgniter\Debug\Exceptions->errorHandler(2, 'Undefined variable $cuti', 'D:\\apps\\laragon\\www\\simpeg\\app\\Views\\admin\\pegawai\\edit_pegawai.php', 12)
 2 SYSTEMPATH\View\View.php(224): include('D:\\apps\\laragon\\www\\simpeg\\app\\Views\\admin\\pegawai\\edit_pegawai.php')
 3 SYSTEMPATH\View\View.php(227): CodeIgniter\View\View->{closure:CodeIgniter\View\View::render():221}()
 4 SYSTEMPATH\Common.php(1173): CodeIgniter\View\View->render('admin/pegawai/edit_pegawai', [], true)
 5 APPPATH\Controllers\Pegawai.php(119): view('admin/pegawai/edit_pegawai', [...])
 6 SYSTEMPATH\CodeIgniter.php(933): App\Controllers\Pegawai->edit('2303040072')
 7 SYSTEMPATH\CodeIgniter.php(507): CodeIgniter\CodeIgniter->runController(Object(App\Controllers\Pegawai))
 8 SYSTEMPATH\CodeIgniter.php(354): CodeIgniter\CodeIgniter->handleRequest(null, Object(Config\Cache), false)
 9 SYSTEMPATH\Boot.php(334): CodeIgniter\CodeIgniter->run()
10 SYSTEMPATH\Boot.php(67): CodeIgniter\Boot::runCodeIgniter(Object(CodeIgniter\CodeIgniter))
11 FCPATH\index.php(59): CodeIgniter\Boot::bootWeb(Object(Config\Paths))
12 SYSTEMPATH\rewrite.php(44): require_once('D:\\apps\\laragon\\www\\simpeg\\public\\index.php')
DEBUG - 2025-06-13 15:18:13 --> Session: Class initialized using 'CodeIgniter\Session\Handlers\FileHandler' driver.
CRITICAL - 2025-06-13 15:18:13 --> ErrorException: Undefined variable $cuti
[Method: GET, Route: admin/pegawai/edit/2303040072]
in APPPATH\Views\admin\pegawai\edit_pegawai.php on line 12.
 1 APPPATH\Views\admin\pegawai\edit_pegawai.php(12): CodeIgniter\Debug\Exceptions->errorHandler(2, 'Undefined variable $cuti', 'D:\\apps\\laragon\\www\\simpeg\\app\\Views\\admin\\pegawai\\edit_pegawai.php', 12)
 2 SYSTEMPATH\View\View.php(224): include('D:\\apps\\laragon\\www\\simpeg\\app\\Views\\admin\\pegawai\\edit_pegawai.php')
 3 SYSTEMPATH\View\View.php(227): CodeIgniter\View\View->{closure:CodeIgniter\View\View::render():221}()
 4 SYSTEMPATH\Common.php(1173): CodeIgniter\View\View->render('admin/pegawai/edit_pegawai', [], true)
 5 APPPATH\Controllers\Pegawai.php(119): view('admin/pegawai/edit_pegawai', [...])
 6 SYSTEMPATH\CodeIgniter.php(933): App\Controllers\Pegawai->edit('2303040072')
 7 SYSTEMPATH\CodeIgniter.php(507): CodeIgniter\CodeIgniter->runController(Object(App\Controllers\Pegawai))
 8 SYSTEMPATH\CodeIgniter.php(354): CodeIgniter\CodeIgniter->handleRequest(null, Object(Config\Cache), false)
 9 SYSTEMPATH\Boot.php(334): CodeIgniter\CodeIgniter->run()
10 SYSTEMPATH\Boot.php(67): CodeIgniter\Boot::runCodeIgniter(Object(CodeIgniter\CodeIgniter))
11 FCPATH\index.php(59): CodeIgniter\Boot::bootWeb(Object(Config\Paths))
12 SYSTEMPATH\rewrite.php(44): require_once('D:\\apps\\laragon\\www\\simpeg\\public\\index.php')
DEBUG - 2025-06-13 15:18:14 --> Session: Class initialized using 'CodeIgniter\Session\Handlers\FileHandler' driver.
CRITICAL - 2025-06-13 15:18:14 --> ErrorException: Undefined variable $cuti
[Method: GET, Route: admin/pegawai/edit/2303040072]
in APPPATH\Views\admin\pegawai\edit_pegawai.php on line 12.
 1 APPPATH\Views\admin\pegawai\edit_pegawai.php(12): CodeIgniter\Debug\Exceptions->errorHandler(2, 'Undefined variable $cuti', 'D:\\apps\\laragon\\www\\simpeg\\app\\Views\\admin\\pegawai\\edit_pegawai.php', 12)
 2 SYSTEMPATH\View\View.php(224): include('D:\\apps\\laragon\\www\\simpeg\\app\\Views\\admin\\pegawai\\edit_pegawai.php')
 3 SYSTEMPATH\View\View.php(227): CodeIgniter\View\View->{closure:CodeIgniter\View\View::render():221}()
 4 SYSTEMPATH\Common.php(1173): CodeIgniter\View\View->render('admin/pegawai/edit_pegawai', [], true)
 5 APPPATH\Controllers\Pegawai.php(119): view('admin/pegawai/edit_pegawai', [...])
 6 SYSTEMPATH\CodeIgniter.php(933): App\Controllers\Pegawai->edit('2303040072')
 7 SYSTEMPATH\CodeIgniter.php(507): CodeIgniter\CodeIgniter->runController(Object(App\Controllers\Pegawai))
 8 SYSTEMPATH\CodeIgniter.php(354): CodeIgniter\CodeIgniter->handleRequest(null, Object(Config\Cache), false)
 9 SYSTEMPATH\Boot.php(334): CodeIgniter\CodeIgniter->run()
10 SYSTEMPATH\Boot.php(67): CodeIgniter\Boot::runCodeIgniter(Object(CodeIgniter\CodeIgniter))
11 FCPATH\index.php(59): CodeIgniter\Boot::bootWeb(Object(Config\Paths))
12 SYSTEMPATH\rewrite.php(44): require_once('D:\\apps\\laragon\\www\\simpeg\\public\\index.php')
DEBUG - 2025-06-13 15:18:28 --> Session: Class initialized using 'CodeIgniter\Session\Handlers\FileHandler' driver.
CRITICAL - 2025-06-13 15:18:28 --> ErrorException: Undefined variable $cuti
[Method: GET, Route: admin/pegawai/edit/2303040072]
in APPPATH\Views\admin\pegawai\edit_pegawai.php on line 12.
 1 APPPATH\Views\admin\pegawai\edit_pegawai.php(12): CodeIgniter\Debug\Exceptions->errorHandler(2, 'Undefined variable $cuti', 'D:\\apps\\laragon\\www\\simpeg\\app\\Views\\admin\\pegawai\\edit_pegawai.php', 12)
 2 SYSTEMPATH\View\View.php(224): include('D:\\apps\\laragon\\www\\simpeg\\app\\Views\\admin\\pegawai\\edit_pegawai.php')
 3 SYSTEMPATH\View\View.php(227): CodeIgniter\View\View->{closure:CodeIgniter\View\View::render():221}()
 4 SYSTEMPATH\Common.php(1173): CodeIgniter\View\View->render('admin/pegawai/edit_pegawai', [], true)
 5 APPPATH\Controllers\Pegawai.php(119): view('admin/pegawai/edit_pegawai', [...])
 6 SYSTEMPATH\CodeIgniter.php(933): App\Controllers\Pegawai->edit('2303040072')
 7 SYSTEMPATH\CodeIgniter.php(507): CodeIgniter\CodeIgniter->runController(Object(App\Controllers\Pegawai))
 8 SYSTEMPATH\CodeIgniter.php(354): CodeIgniter\CodeIgniter->handleRequest(null, Object(Config\Cache), false)
 9 SYSTEMPATH\Boot.php(334): CodeIgniter\CodeIgniter->run()
10 SYSTEMPATH\Boot.php(67): CodeIgniter\Boot::runCodeIgniter(Object(CodeIgniter\CodeIgniter))
11 FCPATH\index.php(59): CodeIgniter\Boot::bootWeb(Object(Config\Paths))
12 SYSTEMPATH\rewrite.php(44): require_once('D:\\apps\\laragon\\www\\simpeg\\public\\index.php')
DEBUG - 2025-06-13 15:18:50 --> Session: Class initialized using 'CodeIgniter\Session\Handlers\FileHandler' driver.
CRITICAL - 2025-06-13 15:18:50 --> ErrorException: Undefined variable $cuti
[Method: GET, Route: admin/pegawai/edit/2303040072]
in APPPATH\Views\admin\pegawai\edit_pegawai.php on line 12.
 1 APPPATH\Views\admin\pegawai\edit_pegawai.php(12): CodeIgniter\Debug\Exceptions->errorHandler(2, 'Undefined variable $cuti', 'D:\\apps\\laragon\\www\\simpeg\\app\\Views\\admin\\pegawai\\edit_pegawai.php', 12)
 2 SYSTEMPATH\View\View.php(224): include('D:\\apps\\laragon\\www\\simpeg\\app\\Views\\admin\\pegawai\\edit_pegawai.php')
 3 SYSTEMPATH\View\View.php(227): CodeIgniter\View\View->{closure:CodeIgniter\View\View::render():221}()
 4 SYSTEMPATH\Common.php(1173): CodeIgniter\View\View->render('admin/pegawai/edit_pegawai', [], true)
 5 APPPATH\Controllers\Pegawai.php(119): view('admin/pegawai/edit_pegawai', [...])
 6 SYSTEMPATH\CodeIgniter.php(933): App\Controllers\Pegawai->edit('2303040072')
 7 SYSTEMPATH\CodeIgniter.php(507): CodeIgniter\CodeIgniter->runController(Object(App\Controllers\Pegawai))
 8 SYSTEMPATH\CodeIgniter.php(354): CodeIgniter\CodeIgniter->handleRequest(null, Object(Config\Cache), false)
 9 SYSTEMPATH\Boot.php(334): CodeIgniter\CodeIgniter->run()
10 SYSTEMPATH\Boot.php(67): CodeIgniter\Boot::runCodeIgniter(Object(CodeIgniter\CodeIgniter))
11 FCPATH\index.php(59): CodeIgniter\Boot::bootWeb(Object(Config\Paths))
12 SYSTEMPATH\rewrite.php(44): require_once('D:\\apps\\laragon\\www\\simpeg\\public\\index.php')
DEBUG - 2025-06-13 15:18:59 --> Session: Class initialized using 'CodeIgniter\Session\Handlers\FileHandler' driver.
DEBUG - 2025-06-13 15:19:02 --> Session: Class initialized using 'CodeIgniter\Session\Handlers\FileHandler' driver.
DEBUG - 2025-06-13 15:19:05 --> Session: Class initialized using 'CodeIgniter\Session\Handlers\FileHandler' driver.
DEBUG - 2025-06-13 15:19:07 --> Session: Class initialized using 'CodeIgniter\Session\Handlers\FileHandler' driver.
DEBUG - 2025-06-13 15:19:09 --> Session: Class initialized using 'CodeIgniter\Session\Handlers\FileHandler' driver.
DEBUG - 2025-06-13 15:19:11 --> Session: Class initialized using 'CodeIgniter\Session\Handlers\FileHandler' driver.
DEBUG - 2025-06-13 15:19:14 --> Session: Class initialized using 'CodeIgniter\Session\Handlers\FileHandler' driver.
DEBUG - 2025-06-13 15:19:18 --> Session: Class initialized using 'CodeIgniter\Session\Handlers\FileHandler' driver.
DEBUG - 2025-06-13 15:19:19 --> Session: Class initialized using 'CodeIgniter\Session\Handlers\FileHandler' driver.
DEBUG - 2025-06-13 15:19:22 --> Session: Class initialized using 'CodeIgniter\Session\Handlers\FileHandler' driver.
DEBUG - 2025-06-13 15:19:24 --> Session: Class initialized using 'CodeIgniter\Session\Handlers\FileHandler' driver.
DEBUG - 2025-06-13 15:19:35 --> Session: Class initialized using 'CodeIgniter\Session\Handlers\FileHandler' driver.
DEBUG - 2025-06-13 15:20:12 --> Session: Class initialized using 'CodeIgniter\Session\Handlers\FileHandler' driver.
DEBUG - 2025-06-13 15:20:15 --> Session: Class initialized using 'CodeIgniter\Session\Handlers\FileHandler' driver.
DEBUG - 2025-06-13 15:20:16 --> Session: Class initialized using 'CodeIgniter\Session\Handlers\FileHandler' driver.
DEBUG - 2025-06-13 15:21:19 --> Session: Class initialized using 'CodeIgniter\Session\Handlers\FileHandler' driver.
DEBUG - 2025-06-13 15:21:21 --> Session: Class initialized using 'CodeIgniter\Session\Handlers\FileHandler' driver.
DEBUG - 2025-06-13 15:21:23 --> Session: Class initialized using 'CodeIgniter\Session\Handlers\FileHandler' driver.
DEBUG - 2025-06-13 23:26:59 --> Session: Class initialized using 'CodeIgniter\Session\Handlers\FileHandler' driver.
DEBUG - 2025-06-13 23:27:03 --> Session: Class initialized using 'CodeIgniter\Session\Handlers\FileHandler' driver.
DEBUG - 2025-06-13 23:27:04 --> Session: Class initialized using 'CodeIgniter\Session\Handlers\FileHandler' driver.
DEBUG - 2025-06-13 23:27:53 --> Session: Class initialized using 'CodeIgniter\Session\Handlers\FileHandler' driver.
DEBUG - 2025-06-13 23:27:53 --> Session: Class initialized using 'CodeIgniter\Session\Handlers\FileHandler' driver.
DEBUG - 2025-06-13 23:27:57 --> Session: Class initialized using 'CodeIgniter\Session\Handlers\FileHandler' driver.
DEBUG - 2025-06-13 23:27:58 --> Session: Class initialized using 'CodeIgniter\Session\Handlers\FileHandler' driver.
DEBUG - 2025-06-13 23:27:59 --> Session: Class initialized using 'CodeIgniter\Session\Handlers\FileHandler' driver.
DEBUG - 2025-06-13 23:28:01 --> Session: Class initialized using 'CodeIgniter\Session\Handlers\FileHandler' driver.
DEBUG - 2025-06-13 23:28:02 --> Session: Class initialized using 'CodeIgniter\Session\Handlers\FileHandler' driver.
DEBUG - 2025-06-13 23:54:58 --> Session: Class initialized using 'CodeIgniter\Session\Handlers\FileHandler' driver.
DEBUG - 2025-06-13 23:55:06 --> Session: Class initialized using 'CodeIgniter\Session\Handlers\FileHandler' driver.
DEBUG - 2025-06-13 23:55:10 --> Session: Class initialized using 'CodeIgniter\Session\Handlers\FileHandler' driver.
DEBUG - 2025-06-13 23:55:21 --> Session: Class initialized using 'CodeIgniter\Session\Handlers\FileHandler' driver.
DEBUG - 2025-06-13 23:55:33 --> Session: Class initialized using 'CodeIgniter\Session\Handlers\FileHandler' driver.
DEBUG - 2025-06-13 23:55:34 --> Session: Class initialized using 'CodeIgniter\Session\Handlers\FileHandler' driver.
DEBUG - 2025-06-13 23:55:35 --> Session: Class initialized using 'CodeIgniter\Session\Handlers\FileHandler' driver.
DEBUG - 2025-06-13 23:58:39 --> Session: Class initialized using 'CodeIgniter\Session\Handlers\FileHandler' driver.
DEBUG - 2025-06-13 23:58:41 --> Session: Class initialized using 'CodeIgniter\Session\Handlers\FileHandler' driver.
DEBUG - 2025-06-13 23:58:42 --> Session: Class initialized using 'CodeIgniter\Session\Handlers\FileHandler' driver.
DEBUG - 2025-06-13 23:58:44 --> Session: Class initialized using 'CodeIgniter\Session\Handlers\FileHandler' driver.
DEBUG - 2025-06-13 23:58:48 --> Session: Class initialized using 'CodeIgniter\Session\Handlers\FileHandler' driver.
DEBUG - 2025-06-13 23:58:49 --> Session: Class initialized using 'CodeIgniter\Session\Handlers\FileHandler' driver.
DEBUG - 2025-06-13 23:58:56 --> Session: Class initialized using 'CodeIgniter\Session\Handlers\FileHandler' driver.
DEBUG - 2025-06-13 23:58:57 --> Session: Class initialized using 'CodeIgniter\Session\Handlers\FileHandler' driver.
DEBUG - 2025-06-13 23:59:39 --> Session: Class initialized using 'CodeIgniter\Session\Handlers\FileHandler' driver.
DEBUG - 2025-06-13 23:59:43 --> Session: Class initialized using 'CodeIgniter\Session\Handlers\FileHandler' driver.
DEBUG - 2025-06-13 23:59:43 --> Session: Class initialized using 'CodeIgniter\Session\Handlers\FileHandler' driver.
DEBUG - 2025-06-13 23:59:45 --> Session: Class initialized using 'CodeIgniter\Session\Handlers\FileHandler' driver.
DEBUG - 2025-06-13 23:59:46 --> Session: Class initialized using 'CodeIgniter\Session\Handlers\FileHandler' driver.
DEBUG - 2025-06-13 23:59:47 --> Session: Class initialized using 'CodeIgniter\Session\Handlers\FileHandler' driver.
DEBUG - 2025-06-13 23:59:49 --> Session: Class initialized using 'CodeIgniter\Session\Handlers\FileHandler' driver.
